filename,filepath,true_class_idx,true_class,pred_class_idx,pred_class,confidence,is_correct
aug_0_6565.jpg,d:\Skin Disease classification\newtrain\Atopic Dermatitis\aug_0_6565.jpg,1,Atopic Dermatitis,1,Atopic Dermatitis,1.0,True
aug_0_1255.jpg,d:\Skin Disease classification\newtrain\Tinea Ringworm Candidiasis\aug_0_1255.jpg,7,Tinea Ringworm Candidiasis,7,Tinea Ringworm Candidiasis,1.0,True
aug_0_3025.jpg,d:\Skin Disease classification\newtrain\Benign keratosis\aug_0_3025.jpg,2,Benign keratosis,2,Benign keratosis,1.0,True
aug_0_9187.jpg,d:\Skin Disease classification\newtrain\Atopic Dermatitis\aug_0_9187.jpg,1,Atopic Dermatitis,1,Atopic Dermatitis,1.0,True
aug_0_485.jpg,d:\Skin Disease classification\newtrain\Actinic keratosis\aug_0_485.jpg,0,Actinic keratosis,0,Actinic keratosis,0.5117,True
aug_0_330.jpg,d:\Skin Disease classification\newtrain\Atopic Dermatitis\aug_0_330.jpg,1,Atopic Dermatitis,1,Atopic Dermatitis,1.0,True
aug_0_9291.jpg,d:\Skin Disease classification\newtrain\Actinic keratosis\aug_0_9291.jpg,0,Actinic keratosis,0,Actinic keratosis,0.9903,True
aug_0_8575.jpg,d:\Skin Disease classification\newtrain\Melanoma\aug_0_8575.jpg,5,Melanoma,5,Melanoma,1.0,True
aug_0_5847.jpg,d:\Skin Disease classification\newtrain\Dermatofibroma\aug_0_5847.jpg,3,Dermatofibroma,3,Dermatofibroma,0.9999,True
aug_0_9181.jpg,d:\Skin Disease classification\newtrain\Vascular lesion\aug_0_9181.jpg,8,Vascular lesion,8,Vascular lesion,1.0,True
aug_0_787.jpg,d:\Skin Disease classification\newtrain\Squamous cell carcinoma\aug_0_787.jpg,6,Squamous cell carcinoma,6,Squamous cell carcinoma,0.9982,True
aug_0_6730.jpg,d:\Skin Disease classification\newtrain\Atopic Dermatitis\aug_0_6730.jpg,1,Atopic Dermatitis,1,Atopic Dermatitis,0.9985,True
aug_0_1083.jpg,d:\Skin Disease classification\newtrain\Actinic keratosis\aug_0_1083.jpg,0,Actinic keratosis,0,Actinic keratosis,0.9998,True
aug_0_4839.jpg,d:\Skin Disease classification\newtrain\Vascular lesion\aug_0_4839.jpg,8,Vascular lesion,8,Vascular lesion,1.0,True
aug_0_7502.jpg,d:\Skin Disease classification\newtrain\Vascular lesion\aug_0_7502.jpg,8,Vascular lesion,8,Vascular lesion,1.0,True
aug_0_8019.jpg,d:\Skin Disease classification\newtrain\Actinic keratosis\aug_0_8019.jpg,0,Actinic keratosis,0,Actinic keratosis,0.9444,True
aug_0_3890.jpg,d:\Skin Disease classification\newtrain\Vascular lesion\aug_0_3890.jpg,8,Vascular lesion,8,Vascular lesion,0.9999,True
aug_0_4291.jpg,d:\Skin Disease classification\newtrain\Atopic Dermatitis\aug_0_4291.jpg,1,Atopic Dermatitis,1,Atopic Dermatitis,1.0,True
aug_0_4791.jpg,d:\Skin Disease classification\newtrain\Tinea Ringworm Candidiasis\aug_0_4791.jpg,7,Tinea Ringworm Candidiasis,7,Tinea Ringworm Candidiasis,1.0,True
aug_0_913.jpg,d:\Skin Disease classification\newtrain\Dermatofibroma\aug_0_913.jpg,3,Dermatofibroma,3,Dermatofibroma,0.9024,True
aug_0_2699.jpg,d:\Skin Disease classification\newtrain\Benign keratosis\aug_0_2699.jpg,2,Benign keratosis,2,Benign keratosis,1.0,True
aug_0_5760.jpg,d:\Skin Disease classification\newtrain\Melanocytic nevus\aug_0_5760.jpg,4,Melanocytic nevus,4,Melanocytic nevus,0.9998,True
aug_0_2229.jpg,d:\Skin Disease classification\newtrain\Dermatofibroma\aug_0_2229.jpg,3,Dermatofibroma,3,Dermatofibroma,0.9985,True
aug_0_9746.jpg,d:\Skin Disease classification\newtrain\Atopic Dermatitis\aug_0_9746.jpg,1,Atopic Dermatitis,1,Atopic Dermatitis,1.0,True
aug_0_4980.jpg,d:\Skin Disease classification\newtrain\Benign keratosis\aug_0_4980.jpg,2,Benign keratosis,2,Benign keratosis,1.0,True
aug_0_5692.jpg,d:\Skin Disease classification\newtrain\Actinic keratosis\aug_0_5692.jpg,0,Actinic keratosis,0,Actinic keratosis,0.4016,True
aug_0_5747.jpg,d:\Skin Disease classification\newtrain\Tinea Ringworm Candidiasis\aug_0_5747.jpg,7,Tinea Ringworm Candidiasis,7,Tinea Ringworm Candidiasis,1.0,True
aug_0_8825.jpg,d:\Skin Disease classification\newtrain\Atopic Dermatitis\aug_0_8825.jpg,1,Atopic Dermatitis,1,Atopic Dermatitis,1.0,True
aug_0_5103.jpg,d:\Skin Disease classification\newtrain\Dermatofibroma\aug_0_5103.jpg,3,Dermatofibroma,3,Dermatofibroma,0.9998,True
aug_0_2479.jpg,d:\Skin Disease classification\newtrain\Melanoma\aug_0_2479.jpg,5,Melanoma,5,Melanoma,0.9264,True
aug_0_1875.jpg,d:\Skin Disease classification\newtrain\Melanoma\aug_0_1875.jpg,5,Melanoma,5,Melanoma,0.9999,True
aug_0_4305.jpg,d:\Skin Disease classification\newtrain\Benign keratosis\aug_0_4305.jpg,2,Benign keratosis,2,Benign keratosis,1.0,True
aug_0_4830.jpg,d:\Skin Disease classification\newtrain\Squamous cell carcinoma\aug_0_4830.jpg,6,Squamous cell carcinoma,6,Squamous cell carcinoma,0.635,True
aug_0_8943.jpg,d:\Skin Disease classification\newtrain\Melanocytic nevus\aug_0_8943.jpg,4,Melanocytic nevus,4,Melanocytic nevus,0.9953,True
aug_0_9087.jpg,d:\Skin Disease classification\newtrain\Actinic keratosis\aug_0_9087.jpg,0,Actinic keratosis,0,Actinic keratosis,1.0,True
aug_0_7178.jpg,d:\Skin Disease classification\newtrain\Atopic Dermatitis\aug_0_7178.jpg,1,Atopic Dermatitis,1,Atopic Dermatitis,1.0,True
aug_0_4303.jpg,d:\Skin Disease classification\newtrain\Melanoma\aug_0_4303.jpg,5,Melanoma,5,Melanoma,0.7275,True
aug_0_7108.jpg,d:\Skin Disease classification\newtrain\Melanoma\aug_0_7108.jpg,5,Melanoma,3,Dermatofibroma,0.6488,False
aug_0_8976.jpg,d:\Skin Disease classification\newtrain\Dermatofibroma\aug_0_8976.jpg,3,Dermatofibroma,3,Dermatofibroma,0.9675,True
aug_0_2004.jpg,d:\Skin Disease classification\newtrain\Melanocytic nevus\aug_0_2004.jpg,4,Melanocytic nevus,4,Melanocytic nevus,0.9954,True
aug_0_2176.jpg,d:\Skin Disease classification\newtrain\Benign keratosis\aug_0_2176.jpg,2,Benign keratosis,2,Benign keratosis,1.0,True
aug_0_4692.jpg,d:\Skin Disease classification\newtrain\Squamous cell carcinoma\aug_0_4692.jpg,6,Squamous cell carcinoma,6,Squamous cell carcinoma,0.9598,True
aug_0_3899.jpg,d:\Skin Disease classification\newtrain\Atopic Dermatitis\aug_0_3899.jpg,1,Atopic Dermatitis,1,Atopic Dermatitis,1.0,True
aug_0_673.jpg,d:\Skin Disease classification\newtrain\Melanoma\aug_0_673.jpg,5,Melanoma,5,Melanoma,1.0,True
aug_0_6259.jpg,d:\Skin Disease classification\newtrain\Melanocytic nevus\aug_0_6259.jpg,4,Melanocytic nevus,4,Melanocytic nevus,0.998,True
aug_0_9020.jpg,d:\Skin Disease classification\newtrain\Vascular lesion\aug_0_9020.jpg,8,Vascular lesion,8,Vascular lesion,1.0,True
aug_0_5353.jpg,d:\Skin Disease classification\newtrain\Dermatofibroma\aug_0_5353.jpg,3,Dermatofibroma,3,Dermatofibroma,0.9989,True
aug_0_563.jpg,d:\Skin Disease classification\newtrain\Dermatofibroma\aug_0_563.jpg,3,Dermatofibroma,3,Dermatofibroma,1.0,True
aug_0_6495.jpg,d:\Skin Disease classification\newtrain\Atopic Dermatitis\aug_0_6495.jpg,1,Atopic Dermatitis,1,Atopic Dermatitis,1.0,True
aug_0_3756.jpg,d:\Skin Disease classification\newtrain\Squamous cell carcinoma\aug_0_3756.jpg,6,Squamous cell carcinoma,0,Actinic keratosis,0.8241,False
aug_0_1811.jpg,d:\Skin Disease classification\newtrain\Atopic Dermatitis\aug_0_1811.jpg,1,Atopic Dermatitis,1,Atopic Dermatitis,1.0,True
aug_0_1222.jpg,d:\Skin Disease classification\newtrain\Vascular lesion\aug_0_1222.jpg,8,Vascular lesion,8,Vascular lesion,1.0,True
aug_0_1327.jpg,d:\Skin Disease classification\newtrain\Atopic Dermatitis\aug_0_1327.jpg,1,Atopic Dermatitis,1,Atopic Dermatitis,1.0,True
aug_0_2600.jpg,d:\Skin Disease classification\newtrain\Vascular lesion\aug_0_2600.jpg,8,Vascular lesion,8,Vascular lesion,1.0,True
aug_0_2775.jpg,d:\Skin Disease classification\newtrain\Atopic Dermatitis\aug_0_2775.jpg,1,Atopic Dermatitis,1,Atopic Dermatitis,1.0,True
aug_0_4075.jpg,d:\Skin Disease classification\newtrain\Tinea Ringworm Candidiasis\aug_0_4075.jpg,7,Tinea Ringworm Candidiasis,7,Tinea Ringworm Candidiasis,1.0,True
aug_0_1234.jpg,d:\Skin Disease classification\newtrain\Atopic Dermatitis\aug_0_1234.jpg,1,Atopic Dermatitis,1,Atopic Dermatitis,0.9942,True
aug_0_4086.jpg,d:\Skin Disease classification\newtrain\Benign keratosis\aug_0_4086.jpg,2,Benign keratosis,2,Benign keratosis,1.0,True
aug_0_1050.jpg,d:\Skin Disease classification\newtrain\Melanoma\aug_0_1050.jpg,5,Melanoma,5,Melanoma,1.0,True
aug_0_7956.jpg,d:\Skin Disease classification\newtrain\Dermatofibroma\aug_0_7956.jpg,3,Dermatofibroma,3,Dermatofibroma,1.0,True
aug_0_5087.jpg,d:\Skin Disease classification\newtrain\Vascular lesion\aug_0_5087.jpg,8,Vascular lesion,8,Vascular lesion,1.0,True
aug_0_623.jpg,d:\Skin Disease classification\newtrain\Vascular lesion\aug_0_623.jpg,8,Vascular lesion,8,Vascular lesion,0.9334,True
aug_0_8065.jpg,d:\Skin Disease classification\newtrain\Actinic keratosis\aug_0_8065.jpg,0,Actinic keratosis,0,Actinic keratosis,0.5428,True
aug_0_2502.jpg,d:\Skin Disease classification\newtrain\Dermatofibroma\aug_0_2502.jpg,3,Dermatofibroma,3,Dermatofibroma,0.9858,True
aug_0_2041.jpg,d:\Skin Disease classification\newtrain\Dermatofibroma\aug_0_2041.jpg,3,Dermatofibroma,3,Dermatofibroma,0.9176,True
aug_0_2071.jpg,d:\Skin Disease classification\newtrain\Squamous cell carcinoma\aug_0_2071.jpg,6,Squamous cell carcinoma,6,Squamous cell carcinoma,0.648,True
aug_0_120.jpg,d:\Skin Disease classification\newtrain\Atopic Dermatitis\aug_0_120.jpg,1,Atopic Dermatitis,1,Atopic Dermatitis,1.0,True
aug_0_9078.jpg,d:\Skin Disease classification\newtrain\Actinic keratosis\aug_0_9078.jpg,0,Actinic keratosis,0,Actinic keratosis,0.9637,True
aug_0_269.jpg,d:\Skin Disease classification\newtrain\Melanoma\aug_0_269.jpg,5,Melanoma,5,Melanoma,0.9997,True
aug_0_3339.jpg,d:\Skin Disease classification\newtrain\Dermatofibroma\aug_0_3339.jpg,3,Dermatofibroma,3,Dermatofibroma,0.9999,True
aug_0_6882.jpg,d:\Skin Disease classification\newtrain\Tinea Ringworm Candidiasis\aug_0_6882.jpg,7,Tinea Ringworm Candidiasis,7,Tinea Ringworm Candidiasis,1.0,True
aug_0_815.jpg,d:\Skin Disease classification\newtrain\Tinea Ringworm Candidiasis\aug_0_815.jpg,7,Tinea Ringworm Candidiasis,7,Tinea Ringworm Candidiasis,1.0,True
aug_0_140.jpg,d:\Skin Disease classification\newtrain\Vascular lesion\aug_0_140.jpg,8,Vascular lesion,8,Vascular lesion,1.0,True
aug_0_4056.jpg,d:\Skin Disease classification\newtrain\Vascular lesion\aug_0_4056.jpg,8,Vascular lesion,8,Vascular lesion,0.9574,True
aug_0_4055.jpg,d:\Skin Disease classification\newtrain\Melanoma\aug_0_4055.jpg,5,Melanoma,5,Melanoma,0.9806,True
aug_0_3627.jpg,d:\Skin Disease classification\newtrain\Actinic keratosis\aug_0_3627.jpg,0,Actinic keratosis,0,Actinic keratosis,0.969,True
aug_0_8275.jpg,d:\Skin Disease classification\newtrain\Melanocytic nevus\aug_0_8275.jpg,4,Melanocytic nevus,4,Melanocytic nevus,0.8559,True
aug_0_8568.jpg,d:\Skin Disease classification\newtrain\Squamous cell carcinoma\aug_0_8568.jpg,6,Squamous cell carcinoma,6,Squamous cell carcinoma,0.9616,True
aug_0_6432.jpg,d:\Skin Disease classification\newtrain\Vascular lesion\aug_0_6432.jpg,8,Vascular lesion,8,Vascular lesion,1.0,True
aug_0_6945.jpg,d:\Skin Disease classification\newtrain\Vascular lesion\aug_0_6945.jpg,8,Vascular lesion,8,Vascular lesion,1.0,True
aug_0_9313.jpg,d:\Skin Disease classification\newtrain\Benign keratosis\aug_0_9313.jpg,2,Benign keratosis,2,Benign keratosis,1.0,True
aug_0_5011.jpg,d:\Skin Disease classification\newtrain\Atopic Dermatitis\aug_0_5011.jpg,1,Atopic Dermatitis,1,Atopic Dermatitis,1.0,True
aug_0_8409.jpg,d:\Skin Disease classification\newtrain\Melanocytic nevus\aug_0_8409.jpg,4,Melanocytic nevus,4,Melanocytic nevus,0.9849,True
aug_0_5239.jpg,d:\Skin Disease classification\newtrain\Melanocytic nevus\aug_0_5239.jpg,4,Melanocytic nevus,4,Melanocytic nevus,0.9767,True
aug_0_9241.jpg,d:\Skin Disease classification\newtrain\Actinic keratosis\aug_0_9241.jpg,0,Actinic keratosis,0,Actinic keratosis,0.9556,True
aug_0_5581.jpg,d:\Skin Disease classification\newtrain\Melanoma\aug_0_5581.jpg,5,Melanoma,4,Melanocytic nevus,0.7602,False
aug_0_1333.jpg,d:\Skin Disease classification\newtrain\Vascular lesion\aug_0_1333.jpg,8,Vascular lesion,8,Vascular lesion,1.0,True
aug_0_6469.jpg,d:\Skin Disease classification\newtrain\Melanocytic nevus\aug_0_6469.jpg,4,Melanocytic nevus,4,Melanocytic nevus,0.9999,True
aug_0_3274.jpg,d:\Skin Disease classification\newtrain\Melanocytic nevus\aug_0_3274.jpg,4,Melanocytic nevus,4,Melanocytic nevus,1.0,True
aug_0_5319.jpg,d:\Skin Disease classification\newtrain\Melanocytic nevus\aug_0_5319.jpg,4,Melanocytic nevus,4,Melanocytic nevus,0.9999,True
aug_0_4661.jpg,d:\Skin Disease classification\newtrain\Dermatofibroma\aug_0_4661.jpg,3,Dermatofibroma,3,Dermatofibroma,0.9998,True
aug_0_593.jpg,d:\Skin Disease classification\newtrain\Squamous cell carcinoma\aug_0_593.jpg,6,Squamous cell carcinoma,6,Squamous cell carcinoma,0.9997,True
aug_0_7120.jpg,d:\Skin Disease classification\newtrain\Tinea Ringworm Candidiasis\aug_0_7120.jpg,7,Tinea Ringworm Candidiasis,7,Tinea Ringworm Candidiasis,1.0,True
aug_0_9962.jpg,d:\Skin Disease classification\newtrain\Benign keratosis\aug_0_9962.jpg,2,Benign keratosis,2,Benign keratosis,1.0,True
aug_0_5078.jpg,d:\Skin Disease classification\newtrain\Atopic Dermatitis\aug_0_5078.jpg,1,Atopic Dermatitis,1,Atopic Dermatitis,0.9999,True
aug_0_1898.jpg,d:\Skin Disease classification\newtrain\Dermatofibroma\aug_0_1898.jpg,3,Dermatofibroma,3,Dermatofibroma,0.9819,True
aug_0_478.jpg,d:\Skin Disease classification\newtrain\Squamous cell carcinoma\aug_0_478.jpg,6,Squamous cell carcinoma,6,Squamous cell carcinoma,0.9123,True
aug_0_5018.jpg,d:\Skin Disease classification\newtrain\Actinic keratosis\aug_0_5018.jpg,0,Actinic keratosis,0,Actinic keratosis,0.3529,True
aug_0_4890.jpg,d:\Skin Disease classification\newtrain\Benign keratosis\aug_0_4890.jpg,2,Benign keratosis,2,Benign keratosis,1.0,True
aug_0_8531.jpg,d:\Skin Disease classification\newtrain\Dermatofibroma\aug_0_8531.jpg,3,Dermatofibroma,3,Dermatofibroma,1.0,True
aug_0_7866.jpg,d:\Skin Disease classification\newtrain\Vascular lesion\aug_0_7866.jpg,8,Vascular lesion,8,Vascular lesion,1.0,True
aug_0_8748.jpg,d:\Skin Disease classification\newtrain\Dermatofibroma\aug_0_8748.jpg,3,Dermatofibroma,3,Dermatofibroma,0.9948,True
aug_0_2874.jpg,d:\Skin Disease classification\newtrain\Tinea Ringworm Candidiasis\aug_0_2874.jpg,7,Tinea Ringworm Candidiasis,7,Tinea Ringworm Candidiasis,1.0,True
aug_0_5619.jpg,d:\Skin Disease classification\newtrain\Atopic Dermatitis\aug_0_5619.jpg,1,Atopic Dermatitis,1,Atopic Dermatitis,0.7669,True
aug_0_8494.jpg,d:\Skin Disease classification\newtrain\Atopic Dermatitis\aug_0_8494.jpg,1,Atopic Dermatitis,1,Atopic Dermatitis,1.0,True
aug_0_8885.jpg,d:\Skin Disease classification\newtrain\Actinic keratosis\aug_0_8885.jpg,0,Actinic keratosis,0,Actinic keratosis,0.9914,True
aug_0_1497.jpg,d:\Skin Disease classification\newtrain\Melanoma\aug_0_1497.jpg,5,Melanoma,5,Melanoma,0.9999,True
aug_0_2441.jpg,d:\Skin Disease classification\newtrain\Atopic Dermatitis\aug_0_2441.jpg,1,Atopic Dermatitis,1,Atopic Dermatitis,1.0,True
aug_0_7775.jpg,d:\Skin Disease classification\newtrain\Vascular lesion\aug_0_7775.jpg,8,Vascular lesion,8,Vascular lesion,1.0,True
aug_0_9918.jpg,d:\Skin Disease classification\newtrain\Tinea Ringworm Candidiasis\aug_0_9918.jpg,7,Tinea Ringworm Candidiasis,7,Tinea Ringworm Candidiasis,1.0,True
aug_0_6174.jpg,d:\Skin Disease classification\newtrain\Benign keratosis\aug_0_6174.jpg,2,Benign keratosis,2,Benign keratosis,1.0,True
aug_0_5214.jpg,d:\Skin Disease classification\newtrain\Tinea Ringworm Candidiasis\aug_0_5214.jpg,7,Tinea Ringworm Candidiasis,7,Tinea Ringworm Candidiasis,1.0,True
aug_0_4912.jpg,d:\Skin Disease classification\newtrain\Melanocytic nevus\aug_0_4912.jpg,4,Melanocytic nevus,3,Dermatofibroma,0.7371,False
aug_0_7675.jpg,d:\Skin Disease classification\newtrain\Vascular lesion\aug_0_7675.jpg,8,Vascular lesion,8,Vascular lesion,1.0,True
aug_0_9069.jpg,d:\Skin Disease classification\newtrain\Benign keratosis\aug_0_9069.jpg,2,Benign keratosis,2,Benign keratosis,1.0,True
aug_0_4789.jpg,d:\Skin Disease classification\newtrain\Dermatofibroma\aug_0_4789.jpg,3,Dermatofibroma,3,Dermatofibroma,0.9998,True
aug_0_8971.jpg,d:\Skin Disease classification\newtrain\Benign keratosis\aug_0_8971.jpg,2,Benign keratosis,2,Benign keratosis,1.0,True
aug_0_9685.jpg,d:\Skin Disease classification\newtrain\Squamous cell carcinoma\aug_0_9685.jpg,6,Squamous cell carcinoma,6,Squamous cell carcinoma,0.659,True
aug_0_5780.jpg,d:\Skin Disease classification\newtrain\Vascular lesion\aug_0_5780.jpg,8,Vascular lesion,8,Vascular lesion,1.0,True
aug_0_48.jpg,d:\Skin Disease classification\newtrain\Melanoma\aug_0_48.jpg,5,Melanoma,5,Melanoma,0.9873,True
aug_0_531.jpg,d:\Skin Disease classification\newtrain\Melanoma\aug_0_531.jpg,5,Melanoma,5,Melanoma,0.6668,True
aug_0_8479.jpg,d:\Skin Disease classification\newtrain\Actinic keratosis\aug_0_8479.jpg,0,Actinic keratosis,0,Actinic keratosis,1.0,True
aug_0_5248.jpg,d:\Skin Disease classification\newtrain\Benign keratosis\aug_0_5248.jpg,2,Benign keratosis,2,Benign keratosis,0.9983,True
aug_0_4943.jpg,d:\Skin Disease classification\newtrain\Dermatofibroma\aug_0_4943.jpg,3,Dermatofibroma,3,Dermatofibroma,1.0,True
aug_0_4649.jpg,d:\Skin Disease classification\newtrain\Dermatofibroma\aug_0_4649.jpg,3,Dermatofibroma,3,Dermatofibroma,0.9949,True
aug_0_2746.jpg,d:\Skin Disease classification\newtrain\Dermatofibroma\aug_0_2746.jpg,3,Dermatofibroma,3,Dermatofibroma,0.9997,True
aug_0_8107.jpg,d:\Skin Disease classification\newtrain\Benign keratosis\aug_0_8107.jpg,2,Benign keratosis,2,Benign keratosis,1.0,True
aug_0_4186.jpg,d:\Skin Disease classification\newtrain\Melanoma\aug_0_4186.jpg,5,Melanoma,5,Melanoma,0.9999,True
aug_0_4267.jpg,d:\Skin Disease classification\newtrain\Benign keratosis\aug_0_4267.jpg,2,Benign keratosis,2,Benign keratosis,1.0,True
aug_0_5412.jpg,d:\Skin Disease classification\newtrain\Benign keratosis\aug_0_5412.jpg,2,Benign keratosis,2,Benign keratosis,1.0,True
aug_0_1100.jpg,d:\Skin Disease classification\newtrain\Tinea Ringworm Candidiasis\aug_0_1100.jpg,7,Tinea Ringworm Candidiasis,7,Tinea Ringworm Candidiasis,1.0,True
aug_0_1444.jpg,d:\Skin Disease classification\newtrain\Dermatofibroma\aug_0_1444.jpg,3,Dermatofibroma,3,Dermatofibroma,0.8236,True
aug_0_5535.jpg,d:\Skin Disease classification\newtrain\Dermatofibroma\aug_0_5535.jpg,3,Dermatofibroma,3,Dermatofibroma,1.0,True
aug_0_5475.jpg,d:\Skin Disease classification\newtrain\Benign keratosis\aug_0_5475.jpg,2,Benign keratosis,2,Benign keratosis,1.0,True
aug_0_1169.jpg,d:\Skin Disease classification\newtrain\Squamous cell carcinoma\aug_0_1169.jpg,6,Squamous cell carcinoma,6,Squamous cell carcinoma,0.917,True
aug_0_8606.jpg,d:\Skin Disease classification\newtrain\Melanocytic nevus\aug_0_8606.jpg,4,Melanocytic nevus,4,Melanocytic nevus,0.9998,True
aug_0_9396.jpg,d:\Skin Disease classification\newtrain\Atopic Dermatitis\aug_0_9396.jpg,1,Atopic Dermatitis,1,Atopic Dermatitis,1.0,True
aug_0_7348.jpg,d:\Skin Disease classification\newtrain\Benign keratosis\aug_0_7348.jpg,2,Benign keratosis,2,Benign keratosis,1.0,True
aug_0_2370.jpg,d:\Skin Disease classification\newtrain\Vascular lesion\aug_0_2370.jpg,8,Vascular lesion,8,Vascular lesion,1.0,True
aug_0_8510.jpg,d:\Skin Disease classification\newtrain\Atopic Dermatitis\aug_0_8510.jpg,1,Atopic Dermatitis,1,Atopic Dermatitis,1.0,True
aug_0_1444.jpg,d:\Skin Disease classification\newtrain\Actinic keratosis\aug_0_1444.jpg,0,Actinic keratosis,0,Actinic keratosis,0.7203,True
aug_0_8492.jpg,d:\Skin Disease classification\newtrain\Dermatofibroma\aug_0_8492.jpg,3,Dermatofibroma,3,Dermatofibroma,1.0,True
aug_0_2716.jpg,d:\Skin Disease classification\newtrain\Melanocytic nevus\aug_0_2716.jpg,4,Melanocytic nevus,4,Melanocytic nevus,0.9999,True
aug_0_883.jpg,d:\Skin Disease classification\newtrain\Squamous cell carcinoma\aug_0_883.jpg,6,Squamous cell carcinoma,6,Squamous cell carcinoma,0.8954,True
aug_0_6288.jpg,d:\Skin Disease classification\newtrain\Tinea Ringworm Candidiasis\aug_0_6288.jpg,7,Tinea Ringworm Candidiasis,7,Tinea Ringworm Candidiasis,1.0,True
aug_0_1389.jpg,d:\Skin Disease classification\newtrain\Vascular lesion\aug_0_1389.jpg,8,Vascular lesion,8,Vascular lesion,1.0,True
aug_0_1633.jpg,d:\Skin Disease classification\newtrain\Squamous cell carcinoma\aug_0_1633.jpg,6,Squamous cell carcinoma,6,Squamous cell carcinoma,0.8965,True
aug_0_8748.jpg,d:\Skin Disease classification\newtrain\Vascular lesion\aug_0_8748.jpg,8,Vascular lesion,8,Vascular lesion,1.0,True
aug_0_4246.jpg,d:\Skin Disease classification\newtrain\Dermatofibroma\aug_0_4246.jpg,3,Dermatofibroma,3,Dermatofibroma,0.9895,True
aug_0_9799.jpg,d:\Skin Disease classification\newtrain\Melanoma\aug_0_9799.jpg,5,Melanoma,5,Melanoma,0.9995,True
aug_0_3907.jpg,d:\Skin Disease classification\newtrain\Melanoma\aug_0_3907.jpg,5,Melanoma,5,Melanoma,0.9905,True
aug_0_300.jpg,d:\Skin Disease classification\newtrain\Tinea Ringworm Candidiasis\aug_0_300.jpg,7,Tinea Ringworm Candidiasis,7,Tinea Ringworm Candidiasis,1.0,True
aug_0_356.jpg,d:\Skin Disease classification\newtrain\Vascular lesion\aug_0_356.jpg,8,Vascular lesion,8,Vascular lesion,0.9998,True
aug_0_9708.jpg,d:\Skin Disease classification\newtrain\Melanoma\aug_0_9708.jpg,5,Melanoma,5,Melanoma,0.9974,True
aug_0_6151.jpg,d:\Skin Disease classification\newtrain\Squamous cell carcinoma\aug_0_6151.jpg,6,Squamous cell carcinoma,6,Squamous cell carcinoma,0.9704,True
aug_0_9722.jpg,d:\Skin Disease classification\newtrain\Dermatofibroma\aug_0_9722.jpg,3,Dermatofibroma,3,Dermatofibroma,0.9998,True
aug_0_1279.jpg,d:\Skin Disease classification\newtrain\Atopic Dermatitis\aug_0_1279.jpg,1,Atopic Dermatitis,1,Atopic Dermatitis,1.0,True
aug_0_9202.jpg,d:\Skin Disease classification\newtrain\Vascular lesion\aug_0_9202.jpg,8,Vascular lesion,8,Vascular lesion,0.9991,True
aug_0_520.jpg,d:\Skin Disease classification\newtrain\Squamous cell carcinoma\aug_0_520.jpg,6,Squamous cell carcinoma,6,Squamous cell carcinoma,0.9583,True
aug_0_8297.jpg,d:\Skin Disease classification\newtrain\Tinea Ringworm Candidiasis\aug_0_8297.jpg,7,Tinea Ringworm Candidiasis,7,Tinea Ringworm Candidiasis,1.0,True
aug_0_1632.jpg,d:\Skin Disease classification\newtrain\Actinic keratosis\aug_0_1632.jpg,0,Actinic keratosis,0,Actinic keratosis,0.9979,True
aug_0_503.jpg,d:\Skin Disease classification\newtrain\Melanoma\aug_0_503.jpg,5,Melanoma,5,Melanoma,1.0,True
aug_0_7851.jpg,d:\Skin Disease classification\newtrain\Atopic Dermatitis\aug_0_7851.jpg,1,Atopic Dermatitis,1,Atopic Dermatitis,1.0,True
aug_0_6422.jpg,d:\Skin Disease classification\newtrain\Dermatofibroma\aug_0_6422.jpg,3,Dermatofibroma,3,Dermatofibroma,1.0,True
aug_0_6404.jpg,d:\Skin Disease classification\newtrain\Vascular lesion\aug_0_6404.jpg,8,Vascular lesion,8,Vascular lesion,1.0,True
aug_0_3180.jpg,d:\Skin Disease classification\newtrain\Dermatofibroma\aug_0_3180.jpg,3,Dermatofibroma,3,Dermatofibroma,0.9999,True
aug_0_5910.jpg,d:\Skin Disease classification\newtrain\Melanocytic nevus\aug_0_5910.jpg,4,Melanocytic nevus,4,Melanocytic nevus,0.9976,True
aug_0_5886.jpg,d:\Skin Disease classification\newtrain\Melanoma\aug_0_5886.jpg,5,Melanoma,5,Melanoma,0.9998,True
aug_0_3432.jpg,d:\Skin Disease classification\newtrain\Melanocytic nevus\aug_0_3432.jpg,4,Melanocytic nevus,4,Melanocytic nevus,0.8054,True
aug_0_3310.jpg,d:\Skin Disease classification\newtrain\Benign keratosis\aug_0_3310.jpg,2,Benign keratosis,2,Benign keratosis,1.0,True
aug_0_8132.jpg,d:\Skin Disease classification\newtrain\Actinic keratosis\aug_0_8132.jpg,0,Actinic keratosis,0,Actinic keratosis,0.9955,True
aug_0_5328.jpg,d:\Skin Disease classification\newtrain\Melanocytic nevus\aug_0_5328.jpg,4,Melanocytic nevus,4,Melanocytic nevus,1.0,True
aug_0_488.jpg,d:\Skin Disease classification\newtrain\Actinic keratosis\aug_0_488.jpg,0,Actinic keratosis,0,Actinic keratosis,0.6053,True
aug_0_6236.jpg,d:\Skin Disease classification\newtrain\Dermatofibroma\aug_0_6236.jpg,3,Dermatofibroma,3,Dermatofibroma,0.7523,True
aug_0_9912.jpg,d:\Skin Disease classification\newtrain\Melanoma\aug_0_9912.jpg,5,Melanoma,5,Melanoma,0.9999,True
aug_0_8695.jpg,d:\Skin Disease classification\newtrain\Melanocytic nevus\aug_0_8695.jpg,4,Melanocytic nevus,4,Melanocytic nevus,0.999,True
aug_0_2784.jpg,d:\Skin Disease classification\newtrain\Actinic keratosis\aug_0_2784.jpg,0,Actinic keratosis,0,Actinic keratosis,0.9713,True
aug_0_299.jpg,d:\Skin Disease classification\newtrain\Dermatofibroma\aug_0_299.jpg,3,Dermatofibroma,3,Dermatofibroma,0.9987,True
aug_0_989.jpg,d:\Skin Disease classification\newtrain\Actinic keratosis\aug_0_989.jpg,0,Actinic keratosis,0,Actinic keratosis,0.9985,True
aug_0_9264.jpg,d:\Skin Disease classification\newtrain\Benign keratosis\aug_0_9264.jpg,2,Benign keratosis,2,Benign keratosis,1.0,True
aug_0_5981.jpg,d:\Skin Disease classification\newtrain\Actinic keratosis\aug_0_5981.jpg,0,Actinic keratosis,0,Actinic keratosis,0.7119,True
aug_0_4433.jpg,d:\Skin Disease classification\newtrain\Dermatofibroma\aug_0_4433.jpg,3,Dermatofibroma,3,Dermatofibroma,1.0,True
aug_0_8152.jpg,d:\Skin Disease classification\newtrain\Melanocytic nevus\aug_0_8152.jpg,4,Melanocytic nevus,4,Melanocytic nevus,0.9965,True
aug_0_9745.jpg,d:\Skin Disease classification\newtrain\Atopic Dermatitis\aug_0_9745.jpg,1,Atopic Dermatitis,1,Atopic Dermatitis,1.0,True
aug_0_8302.jpg,d:\Skin Disease classification\newtrain\Atopic Dermatitis\aug_0_8302.jpg,1,Atopic Dermatitis,1,Atopic Dermatitis,0.999,True
aug_0_315.jpg,d:\Skin Disease classification\newtrain\Benign keratosis\aug_0_315.jpg,2,Benign keratosis,2,Benign keratosis,1.0,True
aug_0_9060.jpg,d:\Skin Disease classification\newtrain\Melanoma\aug_0_9060.jpg,5,Melanoma,5,Melanoma,0.9373,True
aug_0_9358.jpg,d:\Skin Disease classification\newtrain\Melanoma\aug_0_9358.jpg,5,Melanoma,5,Melanoma,0.9839,True
aug_0_328.jpg,d:\Skin Disease classification\newtrain\Actinic keratosis\aug_0_328.jpg,0,Actinic keratosis,0,Actinic keratosis,0.7962,True
aug_0_4204.jpg,d:\Skin Disease classification\newtrain\Benign keratosis\aug_0_4204.jpg,2,Benign keratosis,2,Benign keratosis,1.0,True
aug_0_8793.jpg,d:\Skin Disease classification\newtrain\Squamous cell carcinoma\aug_0_8793.jpg,6,Squamous cell carcinoma,6,Squamous cell carcinoma,0.5205,True
aug_0_7756.jpg,d:\Skin Disease classification\newtrain\Actinic keratosis\aug_0_7756.jpg,0,Actinic keratosis,0,Actinic keratosis,0.9858,True
aug_0_3063.jpg,d:\Skin Disease classification\newtrain\Dermatofibroma\aug_0_3063.jpg,3,Dermatofibroma,3,Dermatofibroma,1.0,True
aug_0_4804.jpg,d:\Skin Disease classification\newtrain\Squamous cell carcinoma\aug_0_4804.jpg,6,Squamous cell carcinoma,3,Dermatofibroma,0.8693,False
aug_0_727.jpg,d:\Skin Disease classification\newtrain\Squamous cell carcinoma\aug_0_727.jpg,6,Squamous cell carcinoma,6,Squamous cell carcinoma,0.9023,True
aug_0_1851.jpg,d:\Skin Disease classification\newtrain\Melanoma\aug_0_1851.jpg,5,Melanoma,5,Melanoma,0.9996,True
aug_0_8785.jpg,d:\Skin Disease classification\newtrain\Actinic keratosis\aug_0_8785.jpg,0,Actinic keratosis,0,Actinic keratosis,0.8842,True
aug_0_4991.jpg,d:\Skin Disease classification\newtrain\Atopic Dermatitis\aug_0_4991.jpg,1,Atopic Dermatitis,1,Atopic Dermatitis,1.0,True
aug_0_2959.jpg,d:\Skin Disease classification\newtrain\Vascular lesion\aug_0_2959.jpg,8,Vascular lesion,8,Vascular lesion,1.0,True
aug_0_5644.jpg,d:\Skin Disease classification\newtrain\Atopic Dermatitis\aug_0_5644.jpg,1,Atopic Dermatitis,1,Atopic Dermatitis,0.9998,True
aug_0_4994.jpg,d:\Skin Disease classification\newtrain\Dermatofibroma\aug_0_4994.jpg,3,Dermatofibroma,3,Dermatofibroma,1.0,True
aug_0_3011.jpg,d:\Skin Disease classification\newtrain\Squamous cell carcinoma\aug_0_3011.jpg,6,Squamous cell carcinoma,6,Squamous cell carcinoma,0.9097,True
aug_0_5958.jpg,d:\Skin Disease classification\newtrain\Vascular lesion\aug_0_5958.jpg,8,Vascular lesion,8,Vascular lesion,1.0,True
aug_0_6374.jpg,d:\Skin Disease classification\newtrain\Atopic Dermatitis\aug_0_6374.jpg,1,Atopic Dermatitis,1,Atopic Dermatitis,0.9919,True
aug_0_6965.jpg,d:\Skin Disease classification\newtrain\Vascular lesion\aug_0_6965.jpg,8,Vascular lesion,8,Vascular lesion,0.9996,True
aug_0_5255.jpg,d:\Skin Disease classification\newtrain\Squamous cell carcinoma\aug_0_5255.jpg,6,Squamous cell carcinoma,3,Dermatofibroma,0.7798,False
aug_0_6502.jpg,d:\Skin Disease classification\newtrain\Vascular lesion\aug_0_6502.jpg,8,Vascular lesion,8,Vascular lesion,1.0,True
aug_0_3449.jpg,d:\Skin Disease classification\newtrain\Squamous cell carcinoma\aug_0_3449.jpg,6,Squamous cell carcinoma,6,Squamous cell carcinoma,0.6821,True
aug_0_8678.jpg,d:\Skin Disease classification\newtrain\Benign keratosis\aug_0_8678.jpg,2,Benign keratosis,2,Benign keratosis,1.0,True
aug_0_5907.jpg,d:\Skin Disease classification\newtrain\Vascular lesion\aug_0_5907.jpg,8,Vascular lesion,8,Vascular lesion,1.0,True
aug_0_7948.jpg,d:\Skin Disease classification\newtrain\Squamous cell carcinoma\aug_0_7948.jpg,6,Squamous cell carcinoma,6,Squamous cell carcinoma,0.9339,True
aug_0_1789.jpg,d:\Skin Disease classification\newtrain\Tinea Ringworm Candidiasis\aug_0_1789.jpg,7,Tinea Ringworm Candidiasis,7,Tinea Ringworm Candidiasis,1.0,True
aug_0_215.jpg,d:\Skin Disease classification\newtrain\Dermatofibroma\aug_0_215.jpg,3,Dermatofibroma,3,Dermatofibroma,1.0,True
aug_0_7027.jpg,d:\Skin Disease classification\newtrain\Actinic keratosis\aug_0_7027.jpg,0,Actinic keratosis,0,Actinic keratosis,0.9025,True
aug_0_7587.jpg,d:\Skin Disease classification\newtrain\Actinic keratosis\aug_0_7587.jpg,0,Actinic keratosis,0,Actinic keratosis,1.0,True
aug_0_5243.jpg,d:\Skin Disease classification\newtrain\Melanocytic nevus\aug_0_5243.jpg,4,Melanocytic nevus,4,Melanocytic nevus,0.9987,True
aug_0_5745.jpg,d:\Skin Disease classification\newtrain\Vascular lesion\aug_0_5745.jpg,8,Vascular lesion,8,Vascular lesion,1.0,True
aug_0_5130.jpg,d:\Skin Disease classification\newtrain\Atopic Dermatitis\aug_0_5130.jpg,1,Atopic Dermatitis,1,Atopic Dermatitis,1.0,True
aug_0_6622.jpg,d:\Skin Disease classification\newtrain\Tinea Ringworm Candidiasis\aug_0_6622.jpg,7,Tinea Ringworm Candidiasis,7,Tinea Ringworm Candidiasis,1.0,True
aug_0_7324.jpg,d:\Skin Disease classification\newtrain\Melanoma\aug_0_7324.jpg,5,Melanoma,4,Melanocytic nevus,0.9921,False
aug_0_9347.jpg,d:\Skin Disease classification\newtrain\Melanoma\aug_0_9347.jpg,5,Melanoma,5,Melanoma,0.978,True
aug_0_790.jpg,d:\Skin Disease classification\newtrain\Actinic keratosis\aug_0_790.jpg,0,Actinic keratosis,0,Actinic keratosis,0.9998,True
aug_0_477.jpg,d:\Skin Disease classification\newtrain\Tinea Ringworm Candidiasis\aug_0_477.jpg,7,Tinea Ringworm Candidiasis,7,Tinea Ringworm Candidiasis,1.0,True
aug_0_5373.jpg,d:\Skin Disease classification\newtrain\Vascular lesion\aug_0_5373.jpg,8,Vascular lesion,8,Vascular lesion,1.0,True
aug_0_4070.jpg,d:\Skin Disease classification\newtrain\Dermatofibroma\aug_0_4070.jpg,3,Dermatofibroma,3,Dermatofibroma,0.5595,True
aug_0_5870.jpg,d:\Skin Disease classification\newtrain\Melanocytic nevus\aug_0_5870.jpg,4,Melanocytic nevus,4,Melanocytic nevus,0.998,True
aug_0_3016.jpg,d:\Skin Disease classification\newtrain\Actinic keratosis\aug_0_3016.jpg,0,Actinic keratosis,0,Actinic keratosis,0.998,True
aug_0_2653.jpg,d:\Skin Disease classification\newtrain\Squamous cell carcinoma\aug_0_2653.jpg,6,Squamous cell carcinoma,6,Squamous cell carcinoma,0.9554,True
aug_0_2870.jpg,d:\Skin Disease classification\newtrain\Vascular lesion\aug_0_2870.jpg,8,Vascular lesion,8,Vascular lesion,1.0,True
aug_0_2290.jpg,d:\Skin Disease classification\newtrain\Actinic keratosis\aug_0_2290.jpg,0,Actinic keratosis,0,Actinic keratosis,0.9596,True
aug_0_8898.jpg,d:\Skin Disease classification\newtrain\Melanoma\aug_0_8898.jpg,5,Melanoma,5,Melanoma,0.9968,True
aug_0_4737.jpg,d:\Skin Disease classification\newtrain\Melanocytic nevus\aug_0_4737.jpg,4,Melanocytic nevus,4,Melanocytic nevus,0.9996,True
aug_0_9400.jpg,d:\Skin Disease classification\newtrain\Atopic Dermatitis\aug_0_9400.jpg,1,Atopic Dermatitis,1,Atopic Dermatitis,0.9988,True
aug_0_1919.jpg,d:\Skin Disease classification\newtrain\Tinea Ringworm Candidiasis\aug_0_1919.jpg,7,Tinea Ringworm Candidiasis,7,Tinea Ringworm Candidiasis,1.0,True
aug_0_9971.jpg,d:\Skin Disease classification\newtrain\Dermatofibroma\aug_0_9971.jpg,3,Dermatofibroma,3,Dermatofibroma,1.0,True
aug_0_6456.jpg,d:\Skin Disease classification\newtrain\Melanocytic nevus\aug_0_6456.jpg,4,Melanocytic nevus,4,Melanocytic nevus,0.999,True
aug_0_3203.jpg,d:\Skin Disease classification\newtrain\Squamous cell carcinoma\aug_0_3203.jpg,6,Squamous cell carcinoma,3,Dermatofibroma,0.5285,False
aug_0_3417.jpg,d:\Skin Disease classification\newtrain\Tinea Ringworm Candidiasis\aug_0_3417.jpg,7,Tinea Ringworm Candidiasis,7,Tinea Ringworm Candidiasis,1.0,True
aug_0_9221.jpg,d:\Skin Disease classification\newtrain\Dermatofibroma\aug_0_9221.jpg,3,Dermatofibroma,3,Dermatofibroma,0.867,True
aug_0_1183.jpg,d:\Skin Disease classification\newtrain\Dermatofibroma\aug_0_1183.jpg,3,Dermatofibroma,3,Dermatofibroma,0.9989,True
aug_0_9773.jpg,d:\Skin Disease classification\newtrain\Vascular lesion\aug_0_9773.jpg,8,Vascular lesion,8,Vascular lesion,1.0,True
aug_0_6410.jpg,d:\Skin Disease classification\newtrain\Atopic Dermatitis\aug_0_6410.jpg,1,Atopic Dermatitis,1,Atopic Dermatitis,1.0,True
aug_0_4610.jpg,d:\Skin Disease classification\newtrain\Actinic keratosis\aug_0_4610.jpg,0,Actinic keratosis,3,Dermatofibroma,0.9731,False
aug_0_8197.jpg,d:\Skin Disease classification\newtrain\Vascular lesion\aug_0_8197.jpg,8,Vascular lesion,8,Vascular lesion,1.0,True
aug_0_3908.jpg,d:\Skin Disease classification\newtrain\Melanoma\aug_0_3908.jpg,5,Melanoma,5,Melanoma,0.9998,True
aug_0_549.jpg,d:\Skin Disease classification\newtrain\Squamous cell carcinoma\aug_0_549.jpg,6,Squamous cell carcinoma,6,Squamous cell carcinoma,0.8851,True
aug_0_718.jpg,d:\Skin Disease classification\newtrain\Squamous cell carcinoma\aug_0_718.jpg,6,Squamous cell carcinoma,6,Squamous cell carcinoma,0.9563,True
aug_0_2260.jpg,d:\Skin Disease classification\newtrain\Actinic keratosis\aug_0_2260.jpg,0,Actinic keratosis,0,Actinic keratosis,0.6673,True
aug_0_4878.jpg,d:\Skin Disease classification\newtrain\Squamous cell carcinoma\aug_0_4878.jpg,6,Squamous cell carcinoma,6,Squamous cell carcinoma,0.502,True
aug_0_1580.jpg,d:\Skin Disease classification\newtrain\Vascular lesion\aug_0_1580.jpg,8,Vascular lesion,8,Vascular lesion,1.0,True
aug_0_3992.jpg,d:\Skin Disease classification\newtrain\Vascular lesion\aug_0_3992.jpg,8,Vascular lesion,8,Vascular lesion,1.0,True
aug_0_2925.jpg,d:\Skin Disease classification\newtrain\Actinic keratosis\aug_0_2925.jpg,0,Actinic keratosis,0,Actinic keratosis,0.9999,True
aug_0_4758.jpg,d:\Skin Disease classification\newtrain\Tinea Ringworm Candidiasis\aug_0_4758.jpg,7,Tinea Ringworm Candidiasis,7,Tinea Ringworm Candidiasis,0.9999,True
aug_0_7874.jpg,d:\Skin Disease classification\newtrain\Vascular lesion\aug_0_7874.jpg,8,Vascular lesion,8,Vascular lesion,1.0,True
aug_0_9196.jpg,d:\Skin Disease classification\newtrain\Melanoma\aug_0_9196.jpg,5,Melanoma,5,Melanoma,0.8853,True
aug_0_1296.jpg,d:\Skin Disease classification\newtrain\Atopic Dermatitis\aug_0_1296.jpg,1,Atopic Dermatitis,1,Atopic Dermatitis,1.0,True
aug_0_1205.jpg,d:\Skin Disease classification\newtrain\Tinea Ringworm Candidiasis\aug_0_1205.jpg,7,Tinea Ringworm Candidiasis,7,Tinea Ringworm Candidiasis,1.0,True
aug_0_2311.jpg,d:\Skin Disease classification\newtrain\Benign keratosis\aug_0_2311.jpg,2,Benign keratosis,2,Benign keratosis,1.0,True
aug_0_9392.jpg,d:\Skin Disease classification\newtrain\Melanoma\aug_0_9392.jpg,5,Melanoma,5,Melanoma,1.0,True
aug_0_276.jpg,d:\Skin Disease classification\newtrain\Melanoma\aug_0_276.jpg,5,Melanoma,5,Melanoma,0.6943,True
aug_0_2137.jpg,d:\Skin Disease classification\newtrain\Atopic Dermatitis\aug_0_2137.jpg,1,Atopic Dermatitis,1,Atopic Dermatitis,1.0,True
aug_0_4611.jpg,d:\Skin Disease classification\newtrain\Squamous cell carcinoma\aug_0_4611.jpg,6,Squamous cell carcinoma,6,Squamous cell carcinoma,0.9978,True
aug_0_8046.jpg,d:\Skin Disease classification\newtrain\Vascular lesion\aug_0_8046.jpg,8,Vascular lesion,8,Vascular lesion,1.0,True
aug_0_8060.jpg,d:\Skin Disease classification\newtrain\Tinea Ringworm Candidiasis\aug_0_8060.jpg,7,Tinea Ringworm Candidiasis,7,Tinea Ringworm Candidiasis,1.0,True
aug_0_6257.jpg,d:\Skin Disease classification\newtrain\Melanoma\aug_0_6257.jpg,5,Melanoma,5,Melanoma,0.9998,True
aug_0_5857.jpg,d:\Skin Disease classification\newtrain\Atopic Dermatitis\aug_0_5857.jpg,1,Atopic Dermatitis,1,Atopic Dermatitis,1.0,True
aug_0_1847.jpg,d:\Skin Disease classification\newtrain\Atopic Dermatitis\aug_0_1847.jpg,1,Atopic Dermatitis,1,Atopic Dermatitis,1.0,True
aug_0_541.jpg,d:\Skin Disease classification\newtrain\Melanoma\aug_0_541.jpg,5,Melanoma,5,Melanoma,1.0,True
aug_0_4888.jpg,d:\Skin Disease classification\newtrain\Atopic Dermatitis\aug_0_4888.jpg,1,Atopic Dermatitis,1,Atopic Dermatitis,1.0,True
aug_0_8876.jpg,d:\Skin Disease classification\newtrain\Atopic Dermatitis\aug_0_8876.jpg,1,Atopic Dermatitis,1,Atopic Dermatitis,1.0,True
aug_0_7156.jpg,d:\Skin Disease classification\newtrain\Actinic keratosis\aug_0_7156.jpg,0,Actinic keratosis,0,Actinic keratosis,0.9987,True
aug_0_3500.jpg,d:\Skin Disease classification\newtrain\Actinic keratosis\aug_0_3500.jpg,0,Actinic keratosis,0,Actinic keratosis,0.9471,True
aug_0_2241.jpg,d:\Skin Disease classification\newtrain\Atopic Dermatitis\aug_0_2241.jpg,1,Atopic Dermatitis,1,Atopic Dermatitis,1.0,True
aug_0_8863.jpg,d:\Skin Disease classification\newtrain\Dermatofibroma\aug_0_8863.jpg,3,Dermatofibroma,3,Dermatofibroma,0.5928,True
aug_0_6878.jpg,d:\Skin Disease classification\newtrain\Benign keratosis\aug_0_6878.jpg,2,Benign keratosis,2,Benign keratosis,0.9994,True
aug_0_6366.jpg,d:\Skin Disease classification\newtrain\Dermatofibroma\aug_0_6366.jpg,3,Dermatofibroma,3,Dermatofibroma,0.9993,True
aug_0_6472.jpg,d:\Skin Disease classification\newtrain\Actinic keratosis\aug_0_6472.jpg,0,Actinic keratosis,0,Actinic keratosis,0.9902,True
aug_0_5117.jpg,d:\Skin Disease classification\newtrain\Atopic Dermatitis\aug_0_5117.jpg,1,Atopic Dermatitis,1,Atopic Dermatitis,1.0,True
aug_0_158.jpg,d:\Skin Disease classification\newtrain\Benign keratosis\aug_0_158.jpg,2,Benign keratosis,2,Benign keratosis,1.0,True
aug_0_9169.jpg,d:\Skin Disease classification\newtrain\Vascular lesion\aug_0_9169.jpg,8,Vascular lesion,8,Vascular lesion,1.0,True
aug_0_9945.jpg,d:\Skin Disease classification\newtrain\Actinic keratosis\aug_0_9945.jpg,0,Actinic keratosis,0,Actinic keratosis,0.9971,True
aug_0_5918.jpg,d:\Skin Disease classification\newtrain\Benign keratosis\aug_0_5918.jpg,2,Benign keratosis,2,Benign keratosis,1.0,True
aug_0_4258.jpg,d:\Skin Disease classification\newtrain\Benign keratosis\aug_0_4258.jpg,2,Benign keratosis,2,Benign keratosis,1.0,True
aug_0_604.jpg,d:\Skin Disease classification\newtrain\Vascular lesion\aug_0_604.jpg,8,Vascular lesion,8,Vascular lesion,1.0,True
aug_0_614.jpg,d:\Skin Disease classification\newtrain\Atopic Dermatitis\aug_0_614.jpg,1,Atopic Dermatitis,1,Atopic Dermatitis,1.0,True
aug_0_9945.jpg,d:\Skin Disease classification\newtrain\Vascular lesion\aug_0_9945.jpg,8,Vascular lesion,8,Vascular lesion,1.0,True
aug_0_6422.jpg,d:\Skin Disease classification\newtrain\Melanocytic nevus\aug_0_6422.jpg,4,Melanocytic nevus,4,Melanocytic nevus,0.9996,True
aug_0_5129.jpg,d:\Skin Disease classification\newtrain\Benign keratosis\aug_0_5129.jpg,2,Benign keratosis,2,Benign keratosis,1.0,True
aug_0_4149.jpg,d:\Skin Disease classification\newtrain\Squamous cell carcinoma\aug_0_4149.jpg,6,Squamous cell carcinoma,0,Actinic keratosis,0.5612,False
aug_0_9753.jpg,d:\Skin Disease classification\newtrain\Actinic keratosis\aug_0_9753.jpg,0,Actinic keratosis,0,Actinic keratosis,0.9956,True
aug_0_7274.jpg,d:\Skin Disease classification\newtrain\Vascular lesion\aug_0_7274.jpg,8,Vascular lesion,8,Vascular lesion,1.0,True
aug_0_7146.jpg,d:\Skin Disease classification\newtrain\Melanocytic nevus\aug_0_7146.jpg,4,Melanocytic nevus,4,Melanocytic nevus,0.9999,True
aug_0_6004.jpg,d:\Skin Disease classification\newtrain\Actinic keratosis\aug_0_6004.jpg,0,Actinic keratosis,0,Actinic keratosis,0.9742,True
aug_0_872.jpg,d:\Skin Disease classification\newtrain\Melanocytic nevus\aug_0_872.jpg,4,Melanocytic nevus,4,Melanocytic nevus,0.9982,True
aug_0_274.jpg,d:\Skin Disease classification\newtrain\Vascular lesion\aug_0_274.jpg,8,Vascular lesion,8,Vascular lesion,1.0,True
aug_0_2047.jpg,d:\Skin Disease classification\newtrain\Benign keratosis\aug_0_2047.jpg,2,Benign keratosis,2,Benign keratosis,1.0,True
aug_0_5214.jpg,d:\Skin Disease classification\newtrain\Squamous cell carcinoma\aug_0_5214.jpg,6,Squamous cell carcinoma,6,Squamous cell carcinoma,0.9856,True
aug_0_7837.jpg,d:\Skin Disease classification\newtrain\Tinea Ringworm Candidiasis\aug_0_7837.jpg,7,Tinea Ringworm Candidiasis,7,Tinea Ringworm Candidiasis,1.0,True
aug_0_4201.jpg,d:\Skin Disease classification\newtrain\Squamous cell carcinoma\aug_0_4201.jpg,6,Squamous cell carcinoma,6,Squamous cell carcinoma,0.7712,True
aug_0_2626.jpg,d:\Skin Disease classification\newtrain\Benign keratosis\aug_0_2626.jpg,2,Benign keratosis,2,Benign keratosis,1.0,True
aug_0_9089.jpg,d:\Skin Disease classification\newtrain\Actinic keratosis\aug_0_9089.jpg,0,Actinic keratosis,0,Actinic keratosis,0.9805,True
aug_0_138.jpg,d:\Skin Disease classification\newtrain\Dermatofibroma\aug_0_138.jpg,3,Dermatofibroma,3,Dermatofibroma,1.0,True
aug_0_3075.jpg,d:\Skin Disease classification\newtrain\Squamous cell carcinoma\aug_0_3075.jpg,6,Squamous cell carcinoma,3,Dermatofibroma,0.6749,False
aug_0_3961.jpg,d:\Skin Disease classification\newtrain\Squamous cell carcinoma\aug_0_3961.jpg,6,Squamous cell carcinoma,6,Squamous cell carcinoma,0.8608,True
aug_0_5593.jpg,d:\Skin Disease classification\newtrain\Vascular lesion\aug_0_5593.jpg,8,Vascular lesion,8,Vascular lesion,1.0,True
aug_0_6971.jpg,d:\Skin Disease classification\newtrain\Dermatofibroma\aug_0_6971.jpg,3,Dermatofibroma,3,Dermatofibroma,0.8291,True
aug_0_9661.jpg,d:\Skin Disease classification\newtrain\Actinic keratosis\aug_0_9661.jpg,0,Actinic keratosis,0,Actinic keratosis,0.9999,True
aug_0_3274.jpg,d:\Skin Disease classification\newtrain\Dermatofibroma\aug_0_3274.jpg,3,Dermatofibroma,3,Dermatofibroma,0.9997,True
aug_0_163.jpg,d:\Skin Disease classification\newtrain\Melanocytic nevus\aug_0_163.jpg,4,Melanocytic nevus,4,Melanocytic nevus,0.9524,True
aug_0_7956.jpg,d:\Skin Disease classification\newtrain\Tinea Ringworm Candidiasis\aug_0_7956.jpg,7,Tinea Ringworm Candidiasis,7,Tinea Ringworm Candidiasis,1.0,True
aug_0_3079.jpg,d:\Skin Disease classification\newtrain\Squamous cell carcinoma\aug_0_3079.jpg,6,Squamous cell carcinoma,6,Squamous cell carcinoma,0.9725,True
aug_0_9925.jpg,d:\Skin Disease classification\newtrain\Dermatofibroma\aug_0_9925.jpg,3,Dermatofibroma,3,Dermatofibroma,0.9999,True
aug_0_621.jpg,d:\Skin Disease classification\newtrain\Benign keratosis\aug_0_621.jpg,2,Benign keratosis,2,Benign keratosis,1.0,True
aug_0_5226.jpg,d:\Skin Disease classification\newtrain\Atopic Dermatitis\aug_0_5226.jpg,1,Atopic Dermatitis,1,Atopic Dermatitis,1.0,True
aug_0_9373.jpg,d:\Skin Disease classification\newtrain\Dermatofibroma\aug_0_9373.jpg,3,Dermatofibroma,3,Dermatofibroma,1.0,True
aug_0_7561.jpg,d:\Skin Disease classification\newtrain\Benign keratosis\aug_0_7561.jpg,2,Benign keratosis,2,Benign keratosis,1.0,True
aug_0_9353.jpg,d:\Skin Disease classification\newtrain\Benign keratosis\aug_0_9353.jpg,2,Benign keratosis,2,Benign keratosis,1.0,True
aug_0_7219.jpg,d:\Skin Disease classification\newtrain\Benign keratosis\aug_0_7219.jpg,2,Benign keratosis,2,Benign keratosis,0.9996,True
aug_0_4803.jpg,d:\Skin Disease classification\newtrain\Actinic keratosis\aug_0_4803.jpg,0,Actinic keratosis,0,Actinic keratosis,0.7143,True
aug_0_8010.jpg,d:\Skin Disease classification\newtrain\Squamous cell carcinoma\aug_0_8010.jpg,6,Squamous cell carcinoma,6,Squamous cell carcinoma,0.6332,True
aug_0_3012.jpg,d:\Skin Disease classification\newtrain\Dermatofibroma\aug_0_3012.jpg,3,Dermatofibroma,3,Dermatofibroma,0.9994,True
aug_0_8867.jpg,d:\Skin Disease classification\newtrain\Dermatofibroma\aug_0_8867.jpg,3,Dermatofibroma,3,Dermatofibroma,0.9998,True
aug_0_1037.jpg,d:\Skin Disease classification\newtrain\Benign keratosis\aug_0_1037.jpg,2,Benign keratosis,2,Benign keratosis,1.0,True
aug_0_4491.jpg,d:\Skin Disease classification\newtrain\Melanocytic nevus\aug_0_4491.jpg,4,Melanocytic nevus,4,Melanocytic nevus,0.9991,True
aug_0_3140.jpg,d:\Skin Disease classification\newtrain\Melanoma\aug_0_3140.jpg,5,Melanoma,5,Melanoma,0.996,True
aug_0_867.jpg,d:\Skin Disease classification\newtrain\Squamous cell carcinoma\aug_0_867.jpg,6,Squamous cell carcinoma,6,Squamous cell carcinoma,0.9955,True
aug_0_6429.jpg,d:\Skin Disease classification\newtrain\Melanocytic nevus\aug_0_6429.jpg,4,Melanocytic nevus,4,Melanocytic nevus,0.9845,True
aug_0_7483.jpg,d:\Skin Disease classification\newtrain\Melanocytic nevus\aug_0_7483.jpg,4,Melanocytic nevus,4,Melanocytic nevus,0.9991,True
aug_0_6847.jpg,d:\Skin Disease classification\newtrain\Benign keratosis\aug_0_6847.jpg,2,Benign keratosis,2,Benign keratosis,1.0,True
aug_0_1980.jpg,d:\Skin Disease classification\newtrain\Actinic keratosis\aug_0_1980.jpg,0,Actinic keratosis,0,Actinic keratosis,0.9199,True
aug_0_8888.jpg,d:\Skin Disease classification\newtrain\Melanoma\aug_0_8888.jpg,5,Melanoma,3,Dermatofibroma,0.6129,False
aug_0_7739.jpg,d:\Skin Disease classification\newtrain\Vascular lesion\aug_0_7739.jpg,8,Vascular lesion,8,Vascular lesion,0.9962,True
aug_0_47.jpg,d:\Skin Disease classification\newtrain\Benign keratosis\aug_0_47.jpg,2,Benign keratosis,2,Benign keratosis,1.0,True
aug_0_8700.jpg,d:\Skin Disease classification\newtrain\Melanocytic nevus\aug_0_8700.jpg,4,Melanocytic nevus,4,Melanocytic nevus,0.9996,True
aug_0_4910.jpg,d:\Skin Disease classification\newtrain\Squamous cell carcinoma\aug_0_4910.jpg,6,Squamous cell carcinoma,6,Squamous cell carcinoma,0.6011,True
aug_0_5251.jpg,d:\Skin Disease classification\newtrain\Atopic Dermatitis\aug_0_5251.jpg,1,Atopic Dermatitis,1,Atopic Dermatitis,1.0,True
aug_0_7554.jpg,d:\Skin Disease classification\newtrain\Melanoma\aug_0_7554.jpg,5,Melanoma,5,Melanoma,0.5064,True
aug_0_6832.jpg,d:\Skin Disease classification\newtrain\Benign keratosis\aug_0_6832.jpg,2,Benign keratosis,2,Benign keratosis,1.0,True
aug_0_1815.jpg,d:\Skin Disease classification\newtrain\Squamous cell carcinoma\aug_0_1815.jpg,6,Squamous cell carcinoma,6,Squamous cell carcinoma,0.9856,True
aug_0_1121.jpg,d:\Skin Disease classification\newtrain\Actinic keratosis\aug_0_1121.jpg,0,Actinic keratosis,0,Actinic keratosis,0.999,True
aug_0_5075.jpg,d:\Skin Disease classification\newtrain\Melanocytic nevus\aug_0_5075.jpg,4,Melanocytic nevus,4,Melanocytic nevus,1.0,True
aug_0_5447.jpg,d:\Skin Disease classification\newtrain\Melanocytic nevus\aug_0_5447.jpg,4,Melanocytic nevus,4,Melanocytic nevus,0.987,True
aug_0_1105.jpg,d:\Skin Disease classification\newtrain\Dermatofibroma\aug_0_1105.jpg,3,Dermatofibroma,3,Dermatofibroma,0.9773,True
aug_0_3902.jpg,d:\Skin Disease classification\newtrain\Actinic keratosis\aug_0_3902.jpg,0,Actinic keratosis,3,Dermatofibroma,0.8188,False
aug_0_387.jpg,d:\Skin Disease classification\newtrain\Benign keratosis\aug_0_387.jpg,2,Benign keratosis,2,Benign keratosis,1.0,True
aug_0_3581.jpg,d:\Skin Disease classification\newtrain\Melanocytic nevus\aug_0_3581.jpg,4,Melanocytic nevus,4,Melanocytic nevus,1.0,True
aug_0_9766.jpg,d:\Skin Disease classification\newtrain\Actinic keratosis\aug_0_9766.jpg,0,Actinic keratosis,0,Actinic keratosis,0.9961,True
aug_0_1903.jpg,d:\Skin Disease classification\newtrain\Melanoma\aug_0_1903.jpg,5,Melanoma,5,Melanoma,0.7738,True
aug_0_4872.jpg,d:\Skin Disease classification\newtrain\Melanocytic nevus\aug_0_4872.jpg,4,Melanocytic nevus,4,Melanocytic nevus,1.0,True
aug_0_9170.jpg,d:\Skin Disease classification\newtrain\Atopic Dermatitis\aug_0_9170.jpg,1,Atopic Dermatitis,1,Atopic Dermatitis,1.0,True
aug_0_7137.jpg,d:\Skin Disease classification\newtrain\Melanoma\aug_0_7137.jpg,5,Melanoma,5,Melanoma,0.9536,True
aug_0_9756.jpg,d:\Skin Disease classification\newtrain\Atopic Dermatitis\aug_0_9756.jpg,1,Atopic Dermatitis,1,Atopic Dermatitis,1.0,True
aug_0_4938.jpg,d:\Skin Disease classification\newtrain\Atopic Dermatitis\aug_0_4938.jpg,1,Atopic Dermatitis,1,Atopic Dermatitis,1.0,True
aug_0_8315.jpg,d:\Skin Disease classification\newtrain\Melanoma\aug_0_8315.jpg,5,Melanoma,5,Melanoma,1.0,True
aug_0_1171.jpg,d:\Skin Disease classification\newtrain\Vascular lesion\aug_0_1171.jpg,8,Vascular lesion,8,Vascular lesion,1.0,True
aug_0_3426.jpg,d:\Skin Disease classification\newtrain\Benign keratosis\aug_0_3426.jpg,2,Benign keratosis,2,Benign keratosis,0.9996,True
aug_0_3667.jpg,d:\Skin Disease classification\newtrain\Actinic keratosis\aug_0_3667.jpg,0,Actinic keratosis,0,Actinic keratosis,0.977,True
aug_0_7416.jpg,d:\Skin Disease classification\newtrain\Actinic keratosis\aug_0_7416.jpg,0,Actinic keratosis,0,Actinic keratosis,0.852,True
aug_0_9047.jpg,d:\Skin Disease classification\newtrain\Tinea Ringworm Candidiasis\aug_0_9047.jpg,7,Tinea Ringworm Candidiasis,7,Tinea Ringworm Candidiasis,0.9997,True
aug_0_5891.jpg,d:\Skin Disease classification\newtrain\Melanoma\aug_0_5891.jpg,5,Melanoma,5,Melanoma,0.8005,True
aug_0_6215.jpg,d:\Skin Disease classification\newtrain\Actinic keratosis\aug_0_6215.jpg,0,Actinic keratosis,0,Actinic keratosis,0.9462,True
aug_0_6059.jpg,d:\Skin Disease classification\newtrain\Tinea Ringworm Candidiasis\aug_0_6059.jpg,7,Tinea Ringworm Candidiasis,7,Tinea Ringworm Candidiasis,1.0,True
aug_0_917.jpg,d:\Skin Disease classification\newtrain\Benign keratosis\aug_0_917.jpg,2,Benign keratosis,2,Benign keratosis,1.0,True
aug_0_5221.jpg,d:\Skin Disease classification\newtrain\Vascular lesion\aug_0_5221.jpg,8,Vascular lesion,8,Vascular lesion,1.0,True
aug_0_8710.jpg,d:\Skin Disease classification\newtrain\Melanoma\aug_0_8710.jpg,5,Melanoma,5,Melanoma,1.0,True
aug_0_4493.jpg,d:\Skin Disease classification\newtrain\Benign keratosis\aug_0_4493.jpg,2,Benign keratosis,2,Benign keratosis,1.0,True
aug_0_3724.jpg,d:\Skin Disease classification\newtrain\Squamous cell carcinoma\aug_0_3724.jpg,6,Squamous cell carcinoma,6,Squamous cell carcinoma,0.9651,True
aug_0_9284.jpg,d:\Skin Disease classification\newtrain\Actinic keratosis\aug_0_9284.jpg,0,Actinic keratosis,0,Actinic keratosis,0.5162,True
aug_0_7302.jpg,d:\Skin Disease classification\newtrain\Vascular lesion\aug_0_7302.jpg,8,Vascular lesion,8,Vascular lesion,0.9997,True
aug_0_9789.jpg,d:\Skin Disease classification\newtrain\Dermatofibroma\aug_0_9789.jpg,3,Dermatofibroma,3,Dermatofibroma,0.9998,True
aug_0_1176.jpg,d:\Skin Disease classification\newtrain\Dermatofibroma\aug_0_1176.jpg,3,Dermatofibroma,3,Dermatofibroma,0.9999,True
aug_0_4707.jpg,d:\Skin Disease classification\newtrain\Squamous cell carcinoma\aug_0_4707.jpg,6,Squamous cell carcinoma,6,Squamous cell carcinoma,0.999,True
aug_0_1715.jpg,d:\Skin Disease classification\newtrain\Dermatofibroma\aug_0_1715.jpg,3,Dermatofibroma,3,Dermatofibroma,0.9998,True
aug_0_1544.jpg,d:\Skin Disease classification\newtrain\Atopic Dermatitis\aug_0_1544.jpg,1,Atopic Dermatitis,1,Atopic Dermatitis,1.0,True
aug_0_4727.jpg,d:\Skin Disease classification\newtrain\Squamous cell carcinoma\aug_0_4727.jpg,6,Squamous cell carcinoma,6,Squamous cell carcinoma,0.9921,True
aug_0_5754.jpg,d:\Skin Disease classification\newtrain\Melanocytic nevus\aug_0_5754.jpg,4,Melanocytic nevus,4,Melanocytic nevus,0.9999,True
aug_0_4298.jpg,d:\Skin Disease classification\newtrain\Dermatofibroma\aug_0_4298.jpg,3,Dermatofibroma,3,Dermatofibroma,0.9497,True
aug_0_5798.jpg,d:\Skin Disease classification\newtrain\Atopic Dermatitis\aug_0_5798.jpg,1,Atopic Dermatitis,1,Atopic Dermatitis,1.0,True
aug_0_7892.jpg,d:\Skin Disease classification\newtrain\Dermatofibroma\aug_0_7892.jpg,3,Dermatofibroma,3,Dermatofibroma,0.9998,True
aug_0_9588.jpg,d:\Skin Disease classification\newtrain\Benign keratosis\aug_0_9588.jpg,2,Benign keratosis,2,Benign keratosis,1.0,True
aug_0_9896.jpg,d:\Skin Disease classification\newtrain\Dermatofibroma\aug_0_9896.jpg,3,Dermatofibroma,3,Dermatofibroma,0.9058,True
aug_0_3326.jpg,d:\Skin Disease classification\newtrain\Vascular lesion\aug_0_3326.jpg,8,Vascular lesion,8,Vascular lesion,1.0,True
aug_0_760.jpg,d:\Skin Disease classification\newtrain\Tinea Ringworm Candidiasis\aug_0_760.jpg,7,Tinea Ringworm Candidiasis,7,Tinea Ringworm Candidiasis,1.0,True
aug_0_4845.jpg,d:\Skin Disease classification\newtrain\Benign keratosis\aug_0_4845.jpg,2,Benign keratosis,2,Benign keratosis,1.0,True
aug_0_8945.jpg,d:\Skin Disease classification\newtrain\Dermatofibroma\aug_0_8945.jpg,3,Dermatofibroma,3,Dermatofibroma,1.0,True
aug_0_4300.jpg,d:\Skin Disease classification\newtrain\Tinea Ringworm Candidiasis\aug_0_4300.jpg,7,Tinea Ringworm Candidiasis,7,Tinea Ringworm Candidiasis,0.7082,True
aug_0_5580.jpg,d:\Skin Disease classification\newtrain\Squamous cell carcinoma\aug_0_5580.jpg,6,Squamous cell carcinoma,6,Squamous cell carcinoma,0.9894,True
aug_0_8368.jpg,d:\Skin Disease classification\newtrain\Squamous cell carcinoma\aug_0_8368.jpg,6,Squamous cell carcinoma,5,Melanoma,0.9367,False
aug_0_7161.jpg,d:\Skin Disease classification\newtrain\Benign keratosis\aug_0_7161.jpg,2,Benign keratosis,2,Benign keratosis,1.0,True
aug_0_5950.jpg,d:\Skin Disease classification\newtrain\Actinic keratosis\aug_0_5950.jpg,0,Actinic keratosis,0,Actinic keratosis,0.994,True
aug_0_4632.jpg,d:\Skin Disease classification\newtrain\Dermatofibroma\aug_0_4632.jpg,3,Dermatofibroma,3,Dermatofibroma,0.9999,True
aug_0_1808.jpg,d:\Skin Disease classification\newtrain\Squamous cell carcinoma\aug_0_1808.jpg,6,Squamous cell carcinoma,0,Actinic keratosis,0.6386,False
aug_0_2736.jpg,d:\Skin Disease classification\newtrain\Actinic keratosis\aug_0_2736.jpg,0,Actinic keratosis,0,Actinic keratosis,1.0,True
aug_0_1442.jpg,d:\Skin Disease classification\newtrain\Actinic keratosis\aug_0_1442.jpg,0,Actinic keratosis,0,Actinic keratosis,0.998,True
aug_0_6079.jpg,d:\Skin Disease classification\newtrain\Melanocytic nevus\aug_0_6079.jpg,4,Melanocytic nevus,4,Melanocytic nevus,0.9996,True
aug_0_434.jpg,d:\Skin Disease classification\newtrain\Melanoma\aug_0_434.jpg,5,Melanoma,5,Melanoma,1.0,True
aug_0_6756.jpg,d:\Skin Disease classification\newtrain\Tinea Ringworm Candidiasis\aug_0_6756.jpg,7,Tinea Ringworm Candidiasis,7,Tinea Ringworm Candidiasis,1.0,True
aug_0_3579.jpg,d:\Skin Disease classification\newtrain\Melanoma\aug_0_3579.jpg,5,Melanoma,5,Melanoma,0.9979,True
aug_0_7769.jpg,d:\Skin Disease classification\newtrain\Benign keratosis\aug_0_7769.jpg,2,Benign keratosis,2,Benign keratosis,1.0,True
aug_0_6414.jpg,d:\Skin Disease classification\newtrain\Actinic keratosis\aug_0_6414.jpg,0,Actinic keratosis,0,Actinic keratosis,0.8133,True
aug_0_8355.jpg,d:\Skin Disease classification\newtrain\Melanocytic nevus\aug_0_8355.jpg,4,Melanocytic nevus,4,Melanocytic nevus,0.989,True
aug_0_4939.jpg,d:\Skin Disease classification\newtrain\Vascular lesion\aug_0_4939.jpg,8,Vascular lesion,8,Vascular lesion,1.0,True
aug_0_8712.jpg,d:\Skin Disease classification\newtrain\Squamous cell carcinoma\aug_0_8712.jpg,6,Squamous cell carcinoma,6,Squamous cell carcinoma,0.9944,True
aug_0_2479.jpg,d:\Skin Disease classification\newtrain\Atopic Dermatitis\aug_0_2479.jpg,1,Atopic Dermatitis,1,Atopic Dermatitis,1.0,True
aug_0_4185.jpg,d:\Skin Disease classification\newtrain\Squamous cell carcinoma\aug_0_4185.jpg,6,Squamous cell carcinoma,6,Squamous cell carcinoma,0.9997,True
aug_0_1005.jpg,d:\Skin Disease classification\newtrain\Tinea Ringworm Candidiasis\aug_0_1005.jpg,7,Tinea Ringworm Candidiasis,7,Tinea Ringworm Candidiasis,1.0,True
aug_0_2758.jpg,d:\Skin Disease classification\newtrain\Vascular lesion\aug_0_2758.jpg,8,Vascular lesion,8,Vascular lesion,0.9963,True
aug_0_3498.jpg,d:\Skin Disease classification\newtrain\Melanocytic nevus\aug_0_3498.jpg,4,Melanocytic nevus,4,Melanocytic nevus,0.9999,True
aug_0_8869.jpg,d:\Skin Disease classification\newtrain\Benign keratosis\aug_0_8869.jpg,2,Benign keratosis,2,Benign keratosis,1.0,True
aug_0_4960.jpg,d:\Skin Disease classification\newtrain\Dermatofibroma\aug_0_4960.jpg,3,Dermatofibroma,3,Dermatofibroma,1.0,True
aug_0_5025.jpg,d:\Skin Disease classification\newtrain\Melanoma\aug_0_5025.jpg,5,Melanoma,4,Melanocytic nevus,0.7448,False
aug_0_3509.jpg,d:\Skin Disease classification\newtrain\Melanoma\aug_0_3509.jpg,5,Melanoma,5,Melanoma,1.0,True
aug_0_6035.jpg,d:\Skin Disease classification\newtrain\Dermatofibroma\aug_0_6035.jpg,3,Dermatofibroma,3,Dermatofibroma,0.9997,True
aug_0_3332.jpg,d:\Skin Disease classification\newtrain\Actinic keratosis\aug_0_3332.jpg,0,Actinic keratosis,0,Actinic keratosis,0.9934,True
aug_0_5324.jpg,d:\Skin Disease classification\newtrain\Actinic keratosis\aug_0_5324.jpg,0,Actinic keratosis,0,Actinic keratosis,0.9999,True
aug_0_501.jpg,d:\Skin Disease classification\newtrain\Tinea Ringworm Candidiasis\aug_0_501.jpg,7,Tinea Ringworm Candidiasis,7,Tinea Ringworm Candidiasis,0.9995,True
aug_0_4143.jpg,d:\Skin Disease classification\newtrain\Atopic Dermatitis\aug_0_4143.jpg,1,Atopic Dermatitis,1,Atopic Dermatitis,0.9974,True
aug_0_4161.jpg,d:\Skin Disease classification\newtrain\Actinic keratosis\aug_0_4161.jpg,0,Actinic keratosis,0,Actinic keratosis,0.8342,True
aug_0_5761.jpg,d:\Skin Disease classification\newtrain\Benign keratosis\aug_0_5761.jpg,2,Benign keratosis,2,Benign keratosis,0.9999,True
aug_0_9815.jpg,d:\Skin Disease classification\newtrain\Melanocytic nevus\aug_0_9815.jpg,4,Melanocytic nevus,4,Melanocytic nevus,0.9995,True
aug_0_1189.jpg,d:\Skin Disease classification\newtrain\Squamous cell carcinoma\aug_0_1189.jpg,6,Squamous cell carcinoma,6,Squamous cell carcinoma,0.9892,True
aug_0_9571.jpg,d:\Skin Disease classification\newtrain\Squamous cell carcinoma\aug_0_9571.jpg,6,Squamous cell carcinoma,6,Squamous cell carcinoma,0.9983,True
aug_0_6412.jpg,d:\Skin Disease classification\newtrain\Melanocytic nevus\aug_0_6412.jpg,4,Melanocytic nevus,4,Melanocytic nevus,0.9994,True
aug_0_9455.jpg,d:\Skin Disease classification\newtrain\Tinea Ringworm Candidiasis\aug_0_9455.jpg,7,Tinea Ringworm Candidiasis,7,Tinea Ringworm Candidiasis,1.0,True
aug_0_4898.jpg,d:\Skin Disease classification\newtrain\Melanocytic nevus\aug_0_4898.jpg,4,Melanocytic nevus,4,Melanocytic nevus,1.0,True
aug_0_7915.jpg,d:\Skin Disease classification\newtrain\Melanoma\aug_0_7915.jpg,5,Melanoma,5,Melanoma,1.0,True
aug_0_3923.jpg,d:\Skin Disease classification\newtrain\Benign keratosis\aug_0_3923.jpg,2,Benign keratosis,2,Benign keratosis,1.0,True
aug_0_9618.jpg,d:\Skin Disease classification\newtrain\Melanocytic nevus\aug_0_9618.jpg,4,Melanocytic nevus,4,Melanocytic nevus,0.8885,True
aug_0_2851.jpg,d:\Skin Disease classification\newtrain\Melanoma\aug_0_2851.jpg,5,Melanoma,5,Melanoma,1.0,True
aug_0_8777.jpg,d:\Skin Disease classification\newtrain\Benign keratosis\aug_0_8777.jpg,2,Benign keratosis,2,Benign keratosis,1.0,True
aug_0_8737.jpg,d:\Skin Disease classification\newtrain\Benign keratosis\aug_0_8737.jpg,2,Benign keratosis,2,Benign keratosis,1.0,True
aug_0_2253.jpg,d:\Skin Disease classification\newtrain\Tinea Ringworm Candidiasis\aug_0_2253.jpg,7,Tinea Ringworm Candidiasis,7,Tinea Ringworm Candidiasis,0.9999,True
aug_0_4222.jpg,d:\Skin Disease classification\newtrain\Benign keratosis\aug_0_4222.jpg,2,Benign keratosis,2,Benign keratosis,1.0,True
aug_0_4084.jpg,d:\Skin Disease classification\newtrain\Melanocytic nevus\aug_0_4084.jpg,4,Melanocytic nevus,4,Melanocytic nevus,0.9943,True
aug_0_2669.jpg,d:\Skin Disease classification\newtrain\Dermatofibroma\aug_0_2669.jpg,3,Dermatofibroma,3,Dermatofibroma,1.0,True
aug_0_4095.jpg,d:\Skin Disease classification\newtrain\Atopic Dermatitis\aug_0_4095.jpg,1,Atopic Dermatitis,1,Atopic Dermatitis,1.0,True
aug_0_5962.jpg,d:\Skin Disease classification\newtrain\Dermatofibroma\aug_0_5962.jpg,3,Dermatofibroma,3,Dermatofibroma,1.0,True
aug_0_4463.jpg,d:\Skin Disease classification\newtrain\Dermatofibroma\aug_0_4463.jpg,3,Dermatofibroma,3,Dermatofibroma,1.0,True
aug_0_1180.jpg,d:\Skin Disease classification\newtrain\Dermatofibroma\aug_0_1180.jpg,3,Dermatofibroma,3,Dermatofibroma,0.5527,True
aug_0_2778.jpg,d:\Skin Disease classification\newtrain\Melanocytic nevus\aug_0_2778.jpg,4,Melanocytic nevus,4,Melanocytic nevus,0.9996,True
aug_0_7248.jpg,d:\Skin Disease classification\newtrain\Melanocytic nevus\aug_0_7248.jpg,4,Melanocytic nevus,4,Melanocytic nevus,0.9056,True
aug_0_9223.jpg,d:\Skin Disease classification\newtrain\Actinic keratosis\aug_0_9223.jpg,0,Actinic keratosis,0,Actinic keratosis,0.6726,True
aug_0_875.jpg,d:\Skin Disease classification\newtrain\Vascular lesion\aug_0_875.jpg,8,Vascular lesion,8,Vascular lesion,1.0,True
aug_0_1740.jpg,d:\Skin Disease classification\newtrain\Melanoma\aug_0_1740.jpg,5,Melanoma,5,Melanoma,0.9991,True
aug_0_4519.jpg,d:\Skin Disease classification\newtrain\Benign keratosis\aug_0_4519.jpg,2,Benign keratosis,2,Benign keratosis,1.0,True
aug_0_2737.jpg,d:\Skin Disease classification\newtrain\Melanocytic nevus\aug_0_2737.jpg,4,Melanocytic nevus,4,Melanocytic nevus,0.9966,True
aug_0_6179.jpg,d:\Skin Disease classification\newtrain\Melanoma\aug_0_6179.jpg,5,Melanoma,6,Squamous cell carcinoma,0.8746,False
aug_0_8730.jpg,d:\Skin Disease classification\newtrain\Atopic Dermatitis\aug_0_8730.jpg,1,Atopic Dermatitis,1,Atopic Dermatitis,1.0,True
aug_0_9799.jpg,d:\Skin Disease classification\newtrain\Atopic Dermatitis\aug_0_9799.jpg,1,Atopic Dermatitis,1,Atopic Dermatitis,1.0,True
aug_0_7336.jpg,d:\Skin Disease classification\newtrain\Benign keratosis\aug_0_7336.jpg,2,Benign keratosis,2,Benign keratosis,1.0,True
aug_0_6719.jpg,d:\Skin Disease classification\newtrain\Melanocytic nevus\aug_0_6719.jpg,4,Melanocytic nevus,4,Melanocytic nevus,0.9999,True
aug_0_2490.jpg,d:\Skin Disease classification\newtrain\Tinea Ringworm Candidiasis\aug_0_2490.jpg,7,Tinea Ringworm Candidiasis,7,Tinea Ringworm Candidiasis,1.0,True
aug_0_365.jpg,d:\Skin Disease classification\newtrain\Melanocytic nevus\aug_0_365.jpg,4,Melanocytic nevus,4,Melanocytic nevus,1.0,True
aug_0_7652.jpg,d:\Skin Disease classification\newtrain\Melanoma\aug_0_7652.jpg,5,Melanoma,3,Dermatofibroma,0.954,False
aug_0_422.jpg,d:\Skin Disease classification\newtrain\Melanocytic nevus\aug_0_422.jpg,4,Melanocytic nevus,4,Melanocytic nevus,0.6409,True
aug_0_785.jpg,d:\Skin Disease classification\newtrain\Vascular lesion\aug_0_785.jpg,8,Vascular lesion,8,Vascular lesion,1.0,True
aug_0_9129.jpg,d:\Skin Disease classification\newtrain\Benign keratosis\aug_0_9129.jpg,2,Benign keratosis,0,Actinic keratosis,0.9955,False
aug_0_24.jpg,d:\Skin Disease classification\newtrain\Tinea Ringworm Candidiasis\aug_0_24.jpg,7,Tinea Ringworm Candidiasis,7,Tinea Ringworm Candidiasis,1.0,True
aug_0_4251.jpg,d:\Skin Disease classification\newtrain\Tinea Ringworm Candidiasis\aug_0_4251.jpg,7,Tinea Ringworm Candidiasis,7,Tinea Ringworm Candidiasis,1.0,True
aug_0_4614.jpg,d:\Skin Disease classification\newtrain\Squamous cell carcinoma\aug_0_4614.jpg,6,Squamous cell carcinoma,3,Dermatofibroma,0.9094,False
aug_0_2197.jpg,d:\Skin Disease classification\newtrain\Tinea Ringworm Candidiasis\aug_0_2197.jpg,7,Tinea Ringworm Candidiasis,7,Tinea Ringworm Candidiasis,0.9999,True
aug_0_7503.jpg,d:\Skin Disease classification\newtrain\Atopic Dermatitis\aug_0_7503.jpg,1,Atopic Dermatitis,1,Atopic Dermatitis,1.0,True
aug_0_77.jpg,d:\Skin Disease classification\newtrain\Atopic Dermatitis\aug_0_77.jpg,1,Atopic Dermatitis,1,Atopic Dermatitis,1.0,True
aug_0_6727.jpg,d:\Skin Disease classification\newtrain\Benign keratosis\aug_0_6727.jpg,2,Benign keratosis,2,Benign keratosis,1.0,True
aug_0_5462.jpg,d:\Skin Disease classification\newtrain\Vascular lesion\aug_0_5462.jpg,8,Vascular lesion,8,Vascular lesion,1.0,True
aug_0_6460.jpg,d:\Skin Disease classification\newtrain\Atopic Dermatitis\aug_0_6460.jpg,1,Atopic Dermatitis,1,Atopic Dermatitis,0.9989,True
aug_0_174.jpg,d:\Skin Disease classification\newtrain\Dermatofibroma\aug_0_174.jpg,3,Dermatofibroma,3,Dermatofibroma,1.0,True
aug_0_6906.jpg,d:\Skin Disease classification\newtrain\Vascular lesion\aug_0_6906.jpg,8,Vascular lesion,8,Vascular lesion,0.9998,True
aug_0_7989.jpg,d:\Skin Disease classification\newtrain\Melanoma\aug_0_7989.jpg,5,Melanoma,5,Melanoma,0.802,True
aug_0_6096.jpg,d:\Skin Disease classification\newtrain\Melanoma\aug_0_6096.jpg,5,Melanoma,5,Melanoma,0.999,True
aug_0_4687.jpg,d:\Skin Disease classification\newtrain\Vascular lesion\aug_0_4687.jpg,8,Vascular lesion,8,Vascular lesion,0.991,True
aug_0_871.jpg,d:\Skin Disease classification\newtrain\Tinea Ringworm Candidiasis\aug_0_871.jpg,7,Tinea Ringworm Candidiasis,7,Tinea Ringworm Candidiasis,0.9999,True
aug_0_2113.jpg,d:\Skin Disease classification\newtrain\Dermatofibroma\aug_0_2113.jpg,3,Dermatofibroma,3,Dermatofibroma,1.0,True
aug_0_6772.jpg,d:\Skin Disease classification\newtrain\Melanocytic nevus\aug_0_6772.jpg,4,Melanocytic nevus,4,Melanocytic nevus,0.9868,True
aug_0_763.jpg,d:\Skin Disease classification\newtrain\Vascular lesion\aug_0_763.jpg,8,Vascular lesion,8,Vascular lesion,1.0,True
aug_0_6360.jpg,d:\Skin Disease classification\newtrain\Vascular lesion\aug_0_6360.jpg,8,Vascular lesion,8,Vascular lesion,1.0,True
aug_0_9669.jpg,d:\Skin Disease classification\newtrain\Atopic Dermatitis\aug_0_9669.jpg,1,Atopic Dermatitis,1,Atopic Dermatitis,1.0,True
aug_0_9668.jpg,d:\Skin Disease classification\newtrain\Dermatofibroma\aug_0_9668.jpg,3,Dermatofibroma,3,Dermatofibroma,1.0,True
aug_0_3.jpg,d:\Skin Disease classification\newtrain\Benign keratosis\aug_0_3.jpg,2,Benign keratosis,2,Benign keratosis,1.0,True
aug_0_3344.jpg,d:\Skin Disease classification\newtrain\Melanocytic nevus\aug_0_3344.jpg,4,Melanocytic nevus,4,Melanocytic nevus,0.9999,True
aug_0_5769.jpg,d:\Skin Disease classification\newtrain\Dermatofibroma\aug_0_5769.jpg,3,Dermatofibroma,3,Dermatofibroma,1.0,True
aug_0_1703.jpg,d:\Skin Disease classification\newtrain\Vascular lesion\aug_0_1703.jpg,8,Vascular lesion,8,Vascular lesion,1.0,True
aug_0_8473.jpg,d:\Skin Disease classification\newtrain\Tinea Ringworm Candidiasis\aug_0_8473.jpg,7,Tinea Ringworm Candidiasis,7,Tinea Ringworm Candidiasis,0.9998,True
aug_0_1734.jpg,d:\Skin Disease classification\newtrain\Vascular lesion\aug_0_1734.jpg,8,Vascular lesion,8,Vascular lesion,1.0,True
aug_0_3721.jpg,d:\Skin Disease classification\newtrain\Melanoma\aug_0_3721.jpg,5,Melanoma,5,Melanoma,0.9999,True
aug_0_9672.jpg,d:\Skin Disease classification\newtrain\Tinea Ringworm Candidiasis\aug_0_9672.jpg,7,Tinea Ringworm Candidiasis,7,Tinea Ringworm Candidiasis,1.0,True
aug_0_5735.jpg,d:\Skin Disease classification\newtrain\Melanoma\aug_0_5735.jpg,5,Melanoma,5,Melanoma,0.9548,True
aug_0_8504.jpg,d:\Skin Disease classification\newtrain\Tinea Ringworm Candidiasis\aug_0_8504.jpg,7,Tinea Ringworm Candidiasis,7,Tinea Ringworm Candidiasis,1.0,True
aug_0_3885.jpg,d:\Skin Disease classification\newtrain\Melanocytic nevus\aug_0_3885.jpg,4,Melanocytic nevus,4,Melanocytic nevus,0.9793,True
aug_0_2667.jpg,d:\Skin Disease classification\newtrain\Squamous cell carcinoma\aug_0_2667.jpg,6,Squamous cell carcinoma,6,Squamous cell carcinoma,0.8232,True
aug_0_7950.jpg,d:\Skin Disease classification\newtrain\Melanocytic nevus\aug_0_7950.jpg,4,Melanocytic nevus,4,Melanocytic nevus,1.0,True
aug_0_1213.jpg,d:\Skin Disease classification\newtrain\Actinic keratosis\aug_0_1213.jpg,0,Actinic keratosis,0,Actinic keratosis,0.8881,True
aug_0_2701.jpg,d:\Skin Disease classification\newtrain\Actinic keratosis\aug_0_2701.jpg,0,Actinic keratosis,0,Actinic keratosis,0.8798,True
aug_0_3869.jpg,d:\Skin Disease classification\newtrain\Benign keratosis\aug_0_3869.jpg,2,Benign keratosis,2,Benign keratosis,0.9999,True
aug_0_2182.jpg,d:\Skin Disease classification\newtrain\Melanoma\aug_0_2182.jpg,5,Melanoma,5,Melanoma,0.9996,True
aug_0_3535.jpg,d:\Skin Disease classification\newtrain\Melanoma\aug_0_3535.jpg,5,Melanoma,5,Melanoma,0.9255,True
aug_0_8371.jpg,d:\Skin Disease classification\newtrain\Dermatofibroma\aug_0_8371.jpg,3,Dermatofibroma,3,Dermatofibroma,1.0,True
aug_0_8347.jpg,d:\Skin Disease classification\newtrain\Melanocytic nevus\aug_0_8347.jpg,4,Melanocytic nevus,4,Melanocytic nevus,0.9786,True
aug_0_8450.jpg,d:\Skin Disease classification\newtrain\Actinic keratosis\aug_0_8450.jpg,0,Actinic keratosis,0,Actinic keratosis,0.9884,True
aug_0_1236.jpg,d:\Skin Disease classification\newtrain\Melanocytic nevus\aug_0_1236.jpg,4,Melanocytic nevus,4,Melanocytic nevus,0.9999,True
aug_0_7106.jpg,d:\Skin Disease classification\newtrain\Benign keratosis\aug_0_7106.jpg,2,Benign keratosis,2,Benign keratosis,1.0,True
aug_0_8535.jpg,d:\Skin Disease classification\newtrain\Squamous cell carcinoma\aug_0_8535.jpg,6,Squamous cell carcinoma,6,Squamous cell carcinoma,0.9351,True
aug_0_8016.jpg,d:\Skin Disease classification\newtrain\Atopic Dermatitis\aug_0_8016.jpg,1,Atopic Dermatitis,1,Atopic Dermatitis,1.0,True
aug_0_9428.jpg,d:\Skin Disease classification\newtrain\Dermatofibroma\aug_0_9428.jpg,3,Dermatofibroma,3,Dermatofibroma,1.0,True
aug_0_3975.jpg,d:\Skin Disease classification\newtrain\Tinea Ringworm Candidiasis\aug_0_3975.jpg,7,Tinea Ringworm Candidiasis,7,Tinea Ringworm Candidiasis,1.0,True
aug_0_5797.jpg,d:\Skin Disease classification\newtrain\Actinic keratosis\aug_0_5797.jpg,0,Actinic keratosis,0,Actinic keratosis,0.9998,True
aug_0_6693.jpg,d:\Skin Disease classification\newtrain\Tinea Ringworm Candidiasis\aug_0_6693.jpg,7,Tinea Ringworm Candidiasis,7,Tinea Ringworm Candidiasis,1.0,True
aug_0_4909.jpg,d:\Skin Disease classification\newtrain\Melanocytic nevus\aug_0_4909.jpg,4,Melanocytic nevus,4,Melanocytic nevus,0.9999,True
aug_0_3222.jpg,d:\Skin Disease classification\newtrain\Tinea Ringworm Candidiasis\aug_0_3222.jpg,7,Tinea Ringworm Candidiasis,7,Tinea Ringworm Candidiasis,1.0,True
aug_0_7604.jpg,d:\Skin Disease classification\newtrain\Atopic Dermatitis\aug_0_7604.jpg,1,Atopic Dermatitis,1,Atopic Dermatitis,1.0,True
aug_0_1190.jpg,d:\Skin Disease classification\newtrain\Dermatofibroma\aug_0_1190.jpg,3,Dermatofibroma,3,Dermatofibroma,0.9989,True
aug_0_2245.jpg,d:\Skin Disease classification\newtrain\Melanocytic nevus\aug_0_2245.jpg,4,Melanocytic nevus,4,Melanocytic nevus,0.9998,True
aug_0_6869.jpg,d:\Skin Disease classification\newtrain\Melanoma\aug_0_6869.jpg,5,Melanoma,5,Melanoma,0.6916,True
aug_0_9071.jpg,d:\Skin Disease classification\newtrain\Vascular lesion\aug_0_9071.jpg,8,Vascular lesion,8,Vascular lesion,1.0,True
aug_0_7799.jpg,d:\Skin Disease classification\newtrain\Benign keratosis\aug_0_7799.jpg,2,Benign keratosis,2,Benign keratosis,1.0,True
aug_0_4847.jpg,d:\Skin Disease classification\newtrain\Dermatofibroma\aug_0_4847.jpg,3,Dermatofibroma,3,Dermatofibroma,0.9957,True
aug_0_1284.jpg,d:\Skin Disease classification\newtrain\Melanoma\aug_0_1284.jpg,5,Melanoma,5,Melanoma,1.0,True
aug_0_6161.jpg,d:\Skin Disease classification\newtrain\Actinic keratosis\aug_0_6161.jpg,0,Actinic keratosis,0,Actinic keratosis,0.9802,True
aug_0_2743.jpg,d:\Skin Disease classification\newtrain\Vascular lesion\aug_0_2743.jpg,8,Vascular lesion,8,Vascular lesion,1.0,True
aug_0_1349.jpg,d:\Skin Disease classification\newtrain\Melanocytic nevus\aug_0_1349.jpg,4,Melanocytic nevus,4,Melanocytic nevus,0.9999,True
aug_0_2276.jpg,d:\Skin Disease classification\newtrain\Dermatofibroma\aug_0_2276.jpg,3,Dermatofibroma,3,Dermatofibroma,0.9887,True
aug_0_6234.jpg,d:\Skin Disease classification\newtrain\Melanocytic nevus\aug_0_6234.jpg,4,Melanocytic nevus,4,Melanocytic nevus,0.9969,True
aug_0_7973.jpg,d:\Skin Disease classification\newtrain\Vascular lesion\aug_0_7973.jpg,8,Vascular lesion,8,Vascular lesion,1.0,True
aug_0_1548.jpg,d:\Skin Disease classification\newtrain\Dermatofibroma\aug_0_1548.jpg,3,Dermatofibroma,3,Dermatofibroma,1.0,True
aug_0_2585.jpg,d:\Skin Disease classification\newtrain\Actinic keratosis\aug_0_2585.jpg,0,Actinic keratosis,0,Actinic keratosis,0.7799,True
aug_0_2389.jpg,d:\Skin Disease classification\newtrain\Actinic keratosis\aug_0_2389.jpg,0,Actinic keratosis,0,Actinic keratosis,0.9679,True
aug_0_8017.jpg,d:\Skin Disease classification\newtrain\Benign keratosis\aug_0_8017.jpg,2,Benign keratosis,2,Benign keratosis,0.9999,True
aug_0_5107.jpg,d:\Skin Disease classification\newtrain\Melanocytic nevus\aug_0_5107.jpg,4,Melanocytic nevus,4,Melanocytic nevus,0.9829,True
aug_0_1110.jpg,d:\Skin Disease classification\newtrain\Tinea Ringworm Candidiasis\aug_0_1110.jpg,7,Tinea Ringworm Candidiasis,7,Tinea Ringworm Candidiasis,1.0,True
aug_0_6624.jpg,d:\Skin Disease classification\newtrain\Squamous cell carcinoma\aug_0_6624.jpg,6,Squamous cell carcinoma,6,Squamous cell carcinoma,0.9328,True
aug_0_4748.jpg,d:\Skin Disease classification\newtrain\Squamous cell carcinoma\aug_0_4748.jpg,6,Squamous cell carcinoma,6,Squamous cell carcinoma,0.986,True
aug_0_2201.jpg,d:\Skin Disease classification\newtrain\Vascular lesion\aug_0_2201.jpg,8,Vascular lesion,8,Vascular lesion,1.0,True
aug_0_7103.jpg,d:\Skin Disease classification\newtrain\Benign keratosis\aug_0_7103.jpg,2,Benign keratosis,2,Benign keratosis,1.0,True
aug_0_8068.jpg,d:\Skin Disease classification\newtrain\Actinic keratosis\aug_0_8068.jpg,0,Actinic keratosis,0,Actinic keratosis,0.9982,True
aug_0_4543.jpg,d:\Skin Disease classification\newtrain\Tinea Ringworm Candidiasis\aug_0_4543.jpg,7,Tinea Ringworm Candidiasis,7,Tinea Ringworm Candidiasis,1.0,True
aug_0_681.jpg,d:\Skin Disease classification\newtrain\Actinic keratosis\aug_0_681.jpg,0,Actinic keratosis,0,Actinic keratosis,0.9051,True
aug_0_2812.jpg,d:\Skin Disease classification\newtrain\Tinea Ringworm Candidiasis\aug_0_2812.jpg,7,Tinea Ringworm Candidiasis,7,Tinea Ringworm Candidiasis,1.0,True
aug_0_6054.jpg,d:\Skin Disease classification\newtrain\Vascular lesion\aug_0_6054.jpg,8,Vascular lesion,8,Vascular lesion,1.0,True
aug_0_4257.jpg,d:\Skin Disease classification\newtrain\Squamous cell carcinoma\aug_0_4257.jpg,6,Squamous cell carcinoma,6,Squamous cell carcinoma,0.8423,True
aug_0_1428.jpg,d:\Skin Disease classification\newtrain\Melanocytic nevus\aug_0_1428.jpg,4,Melanocytic nevus,4,Melanocytic nevus,1.0,True
aug_0_2841.jpg,d:\Skin Disease classification\newtrain\Dermatofibroma\aug_0_2841.jpg,3,Dermatofibroma,3,Dermatofibroma,0.9994,True
aug_0_5671.jpg,d:\Skin Disease classification\newtrain\Atopic Dermatitis\aug_0_5671.jpg,1,Atopic Dermatitis,1,Atopic Dermatitis,1.0,True
aug_0_7866.jpg,d:\Skin Disease classification\newtrain\Melanocytic nevus\aug_0_7866.jpg,4,Melanocytic nevus,4,Melanocytic nevus,0.9998,True
aug_0_6210.jpg,d:\Skin Disease classification\newtrain\Vascular lesion\aug_0_6210.jpg,8,Vascular lesion,8,Vascular lesion,1.0,True
aug_0_3036.jpg,d:\Skin Disease classification\newtrain\Actinic keratosis\aug_0_3036.jpg,0,Actinic keratosis,0,Actinic keratosis,0.9987,True
aug_0_4120.jpg,d:\Skin Disease classification\newtrain\Actinic keratosis\aug_0_4120.jpg,0,Actinic keratosis,0,Actinic keratosis,0.9999,True
aug_0_9600.jpg,d:\Skin Disease classification\newtrain\Actinic keratosis\aug_0_9600.jpg,0,Actinic keratosis,0,Actinic keratosis,0.9817,True
aug_0_516.jpg,d:\Skin Disease classification\newtrain\Benign keratosis\aug_0_516.jpg,2,Benign keratosis,2,Benign keratosis,1.0,True
aug_0_8597.jpg,d:\Skin Disease classification\newtrain\Benign keratosis\aug_0_8597.jpg,2,Benign keratosis,2,Benign keratosis,1.0,True
aug_0_78.jpg,d:\Skin Disease classification\newtrain\Melanoma\aug_0_78.jpg,5,Melanoma,5,Melanoma,0.9722,True
aug_0_729.jpg,d:\Skin Disease classification\newtrain\Squamous cell carcinoma\aug_0_729.jpg,6,Squamous cell carcinoma,6,Squamous cell carcinoma,0.9783,True
aug_0_833.jpg,d:\Skin Disease classification\newtrain\Tinea Ringworm Candidiasis\aug_0_833.jpg,7,Tinea Ringworm Candidiasis,7,Tinea Ringworm Candidiasis,1.0,True
aug_0_2887.jpg,d:\Skin Disease classification\newtrain\Vascular lesion\aug_0_2887.jpg,8,Vascular lesion,8,Vascular lesion,1.0,True
aug_0_5846.jpg,d:\Skin Disease classification\newtrain\Vascular lesion\aug_0_5846.jpg,8,Vascular lesion,8,Vascular lesion,1.0,True
aug_0_3717.jpg,d:\Skin Disease classification\newtrain\Actinic keratosis\aug_0_3717.jpg,0,Actinic keratosis,0,Actinic keratosis,0.9716,True
aug_0_3117.jpg,d:\Skin Disease classification\newtrain\Squamous cell carcinoma\aug_0_3117.jpg,6,Squamous cell carcinoma,6,Squamous cell carcinoma,0.9706,True
aug_0_5935.jpg,d:\Skin Disease classification\newtrain\Actinic keratosis\aug_0_5935.jpg,0,Actinic keratosis,0,Actinic keratosis,0.9082,True
aug_0_2497.jpg,d:\Skin Disease classification\newtrain\Benign keratosis\aug_0_2497.jpg,2,Benign keratosis,2,Benign keratosis,1.0,True
aug_0_9879.jpg,d:\Skin Disease classification\newtrain\Dermatofibroma\aug_0_9879.jpg,3,Dermatofibroma,3,Dermatofibroma,0.994,True
aug_0_7851.jpg,d:\Skin Disease classification\newtrain\Dermatofibroma\aug_0_7851.jpg,3,Dermatofibroma,3,Dermatofibroma,1.0,True
aug_0_2578.jpg,d:\Skin Disease classification\newtrain\Tinea Ringworm Candidiasis\aug_0_2578.jpg,7,Tinea Ringworm Candidiasis,7,Tinea Ringworm Candidiasis,1.0,True
aug_0_1490.jpg,d:\Skin Disease classification\newtrain\Dermatofibroma\aug_0_1490.jpg,3,Dermatofibroma,3,Dermatofibroma,0.9624,True
aug_0_1020.jpg,d:\Skin Disease classification\newtrain\Squamous cell carcinoma\aug_0_1020.jpg,6,Squamous cell carcinoma,6,Squamous cell carcinoma,0.9534,True
aug_0_605.jpg,d:\Skin Disease classification\newtrain\Tinea Ringworm Candidiasis\aug_0_605.jpg,7,Tinea Ringworm Candidiasis,7,Tinea Ringworm Candidiasis,0.9954,True
aug_0_4452.jpg,d:\Skin Disease classification\newtrain\Vascular lesion\aug_0_4452.jpg,8,Vascular lesion,8,Vascular lesion,1.0,True
aug_0_8543.jpg,d:\Skin Disease classification\newtrain\Melanoma\aug_0_8543.jpg,5,Melanoma,4,Melanocytic nevus,0.9242,False
aug_0_5912.jpg,d:\Skin Disease classification\newtrain\Actinic keratosis\aug_0_5912.jpg,0,Actinic keratosis,0,Actinic keratosis,0.9592,True
aug_0_8819.jpg,d:\Skin Disease classification\newtrain\Dermatofibroma\aug_0_8819.jpg,3,Dermatofibroma,3,Dermatofibroma,1.0,True
aug_0_68.jpg,d:\Skin Disease classification\newtrain\Squamous cell carcinoma\aug_0_68.jpg,6,Squamous cell carcinoma,6,Squamous cell carcinoma,0.7249,True
aug_0_4929.jpg,d:\Skin Disease classification\newtrain\Actinic keratosis\aug_0_4929.jpg,0,Actinic keratosis,0,Actinic keratosis,0.9997,True
aug_0_6433.jpg,d:\Skin Disease classification\newtrain\Atopic Dermatitis\aug_0_6433.jpg,1,Atopic Dermatitis,1,Atopic Dermatitis,1.0,True
aug_0_6952.jpg,d:\Skin Disease classification\newtrain\Squamous cell carcinoma\aug_0_6952.jpg,6,Squamous cell carcinoma,6,Squamous cell carcinoma,0.7115,True
aug_0_6932.jpg,d:\Skin Disease classification\newtrain\Squamous cell carcinoma\aug_0_6932.jpg,6,Squamous cell carcinoma,6,Squamous cell carcinoma,0.976,True
aug_0_4746.jpg,d:\Skin Disease classification\newtrain\Benign keratosis\aug_0_4746.jpg,2,Benign keratosis,2,Benign keratosis,0.9995,True
aug_0_2151.jpg,d:\Skin Disease classification\newtrain\Vascular lesion\aug_0_2151.jpg,8,Vascular lesion,8,Vascular lesion,1.0,True
aug_0_7663.jpg,d:\Skin Disease classification\newtrain\Dermatofibroma\aug_0_7663.jpg,3,Dermatofibroma,3,Dermatofibroma,0.766,True
aug_0_535.jpg,d:\Skin Disease classification\newtrain\Atopic Dermatitis\aug_0_535.jpg,1,Atopic Dermatitis,1,Atopic Dermatitis,1.0,True
aug_0_356.jpg,d:\Skin Disease classification\newtrain\Atopic Dermatitis\aug_0_356.jpg,1,Atopic Dermatitis,1,Atopic Dermatitis,1.0,True
aug_0_5043.jpg,d:\Skin Disease classification\newtrain\Melanocytic nevus\aug_0_5043.jpg,4,Melanocytic nevus,4,Melanocytic nevus,0.9283,True
aug_0_676.jpg,d:\Skin Disease classification\newtrain\Benign keratosis\aug_0_676.jpg,2,Benign keratosis,2,Benign keratosis,1.0,True
aug_0_2250.jpg,d:\Skin Disease classification\newtrain\Melanoma\aug_0_2250.jpg,5,Melanoma,5,Melanoma,0.9282,True
aug_0_1359.jpg,d:\Skin Disease classification\newtrain\Melanocytic nevus\aug_0_1359.jpg,4,Melanocytic nevus,4,Melanocytic nevus,1.0,True
aug_0_2686.jpg,d:\Skin Disease classification\newtrain\Atopic Dermatitis\aug_0_2686.jpg,1,Atopic Dermatitis,1,Atopic Dermatitis,0.9941,True
aug_0_7049.jpg,d:\Skin Disease classification\newtrain\Melanocytic nevus\aug_0_7049.jpg,4,Melanocytic nevus,4,Melanocytic nevus,0.9998,True
aug_0_6301.jpg,d:\Skin Disease classification\newtrain\Benign keratosis\aug_0_6301.jpg,2,Benign keratosis,2,Benign keratosis,1.0,True
aug_0_8873.jpg,d:\Skin Disease classification\newtrain\Melanoma\aug_0_8873.jpg,5,Melanoma,5,Melanoma,0.9998,True
aug_0_2542.jpg,d:\Skin Disease classification\newtrain\Atopic Dermatitis\aug_0_2542.jpg,1,Atopic Dermatitis,1,Atopic Dermatitis,1.0,True
aug_0_7750.jpg,d:\Skin Disease classification\newtrain\Vascular lesion\aug_0_7750.jpg,8,Vascular lesion,8,Vascular lesion,1.0,True
aug_0_4677.jpg,d:\Skin Disease classification\newtrain\Vascular lesion\aug_0_4677.jpg,8,Vascular lesion,8,Vascular lesion,1.0,True
aug_0_3159.jpg,d:\Skin Disease classification\newtrain\Actinic keratosis\aug_0_3159.jpg,0,Actinic keratosis,0,Actinic keratosis,0.9991,True
aug_0_5875.jpg,d:\Skin Disease classification\newtrain\Atopic Dermatitis\aug_0_5875.jpg,1,Atopic Dermatitis,1,Atopic Dermatitis,1.0,True
aug_0_4326.jpg,d:\Skin Disease classification\newtrain\Dermatofibroma\aug_0_4326.jpg,3,Dermatofibroma,3,Dermatofibroma,0.9999,True
aug_0_5092.jpg,d:\Skin Disease classification\newtrain\Melanocytic nevus\aug_0_5092.jpg,4,Melanocytic nevus,4,Melanocytic nevus,0.9855,True
aug_0_7060.jpg,d:\Skin Disease classification\newtrain\Squamous cell carcinoma\aug_0_7060.jpg,6,Squamous cell carcinoma,6,Squamous cell carcinoma,0.6212,True
aug_0_5271.jpg,d:\Skin Disease classification\newtrain\Atopic Dermatitis\aug_0_5271.jpg,1,Atopic Dermatitis,1,Atopic Dermatitis,1.0,True
aug_0_2557.jpg,d:\Skin Disease classification\newtrain\Melanocytic nevus\aug_0_2557.jpg,4,Melanocytic nevus,4,Melanocytic nevus,0.9998,True
aug_0_7067.jpg,d:\Skin Disease classification\newtrain\Dermatofibroma\aug_0_7067.jpg,3,Dermatofibroma,3,Dermatofibroma,1.0,True
aug_0_7749.jpg,d:\Skin Disease classification\newtrain\Dermatofibroma\aug_0_7749.jpg,3,Dermatofibroma,3,Dermatofibroma,0.9997,True
aug_0_5416.jpg,d:\Skin Disease classification\newtrain\Vascular lesion\aug_0_5416.jpg,8,Vascular lesion,8,Vascular lesion,0.825,True
aug_0_9984.jpg,d:\Skin Disease classification\newtrain\Actinic keratosis\aug_0_9984.jpg,0,Actinic keratosis,0,Actinic keratosis,0.9952,True
aug_0_5251.jpg,d:\Skin Disease classification\newtrain\Squamous cell carcinoma\aug_0_5251.jpg,6,Squamous cell carcinoma,6,Squamous cell carcinoma,0.966,True
aug_0_4514.jpg,d:\Skin Disease classification\newtrain\Vascular lesion\aug_0_4514.jpg,8,Vascular lesion,8,Vascular lesion,1.0,True
aug_0_7137.jpg,d:\Skin Disease classification\newtrain\Melanocytic nevus\aug_0_7137.jpg,4,Melanocytic nevus,4,Melanocytic nevus,0.9998,True
aug_0_6903.jpg,d:\Skin Disease classification\newtrain\Atopic Dermatitis\aug_0_6903.jpg,1,Atopic Dermatitis,1,Atopic Dermatitis,1.0,True
aug_0_1493.jpg,d:\Skin Disease classification\newtrain\Vascular lesion\aug_0_1493.jpg,8,Vascular lesion,8,Vascular lesion,1.0,True
aug_0_748.jpg,d:\Skin Disease classification\newtrain\Squamous cell carcinoma\aug_0_748.jpg,6,Squamous cell carcinoma,6,Squamous cell carcinoma,0.5339,True
aug_0_6.jpg,d:\Skin Disease classification\newtrain\Melanocytic nevus\aug_0_6.jpg,4,Melanocytic nevus,4,Melanocytic nevus,1.0,True
aug_0_4129.jpg,d:\Skin Disease classification\newtrain\Vascular lesion\aug_0_4129.jpg,8,Vascular lesion,8,Vascular lesion,1.0,True
aug_0_4383.jpg,d:\Skin Disease classification\newtrain\Dermatofibroma\aug_0_4383.jpg,3,Dermatofibroma,3,Dermatofibroma,0.9615,True
aug_0_169.jpg,d:\Skin Disease classification\newtrain\Squamous cell carcinoma\aug_0_169.jpg,6,Squamous cell carcinoma,6,Squamous cell carcinoma,0.984,True
aug_0_7392.jpg,d:\Skin Disease classification\newtrain\Dermatofibroma\aug_0_7392.jpg,3,Dermatofibroma,3,Dermatofibroma,0.9521,True
aug_0_5451.jpg,d:\Skin Disease classification\newtrain\Melanocytic nevus\aug_0_5451.jpg,4,Melanocytic nevus,4,Melanocytic nevus,0.9999,True
aug_0_4116.jpg,d:\Skin Disease classification\newtrain\Vascular lesion\aug_0_4116.jpg,8,Vascular lesion,8,Vascular lesion,1.0,True
aug_0_2668.jpg,d:\Skin Disease classification\newtrain\Melanoma\aug_0_2668.jpg,5,Melanoma,6,Squamous cell carcinoma,0.5841,False
aug_0_1089.jpg,d:\Skin Disease classification\newtrain\Atopic Dermatitis\aug_0_1089.jpg,1,Atopic Dermatitis,1,Atopic Dermatitis,1.0,True
aug_0_2476.jpg,d:\Skin Disease classification\newtrain\Melanocytic nevus\aug_0_2476.jpg,4,Melanocytic nevus,4,Melanocytic nevus,0.9999,True
aug_0_961.jpg,d:\Skin Disease classification\newtrain\Atopic Dermatitis\aug_0_961.jpg,1,Atopic Dermatitis,1,Atopic Dermatitis,1.0,True
aug_0_8708.jpg,d:\Skin Disease classification\newtrain\Tinea Ringworm Candidiasis\aug_0_8708.jpg,7,Tinea Ringworm Candidiasis,7,Tinea Ringworm Candidiasis,1.0,True
aug_0_4499.jpg,d:\Skin Disease classification\newtrain\Atopic Dermatitis\aug_0_4499.jpg,1,Atopic Dermatitis,1,Atopic Dermatitis,1.0,True
aug_0_4075.jpg,d:\Skin Disease classification\newtrain\Actinic keratosis\aug_0_4075.jpg,0,Actinic keratosis,0,Actinic keratosis,0.9923,True
aug_0_7770.jpg,d:\Skin Disease classification\newtrain\Actinic keratosis\aug_0_7770.jpg,0,Actinic keratosis,0,Actinic keratosis,0.9427,True
aug_0_8093.jpg,d:\Skin Disease classification\newtrain\Atopic Dermatitis\aug_0_8093.jpg,1,Atopic Dermatitis,1,Atopic Dermatitis,1.0,True
aug_0_699.jpg,d:\Skin Disease classification\newtrain\Dermatofibroma\aug_0_699.jpg,3,Dermatofibroma,3,Dermatofibroma,1.0,True
aug_0_2101.jpg,d:\Skin Disease classification\newtrain\Squamous cell carcinoma\aug_0_2101.jpg,6,Squamous cell carcinoma,6,Squamous cell carcinoma,0.9948,True
aug_0_5323.jpg,d:\Skin Disease classification\newtrain\Vascular lesion\aug_0_5323.jpg,8,Vascular lesion,8,Vascular lesion,1.0,True
aug_0_964.jpg,d:\Skin Disease classification\newtrain\Atopic Dermatitis\aug_0_964.jpg,1,Atopic Dermatitis,1,Atopic Dermatitis,1.0,True
aug_0_152.jpg,d:\Skin Disease classification\newtrain\Tinea Ringworm Candidiasis\aug_0_152.jpg,7,Tinea Ringworm Candidiasis,7,Tinea Ringworm Candidiasis,1.0,True
aug_0_5945.jpg,d:\Skin Disease classification\newtrain\Melanocytic nevus\aug_0_5945.jpg,4,Melanocytic nevus,4,Melanocytic nevus,0.6427,True
aug_0_9351.jpg,d:\Skin Disease classification\newtrain\Atopic Dermatitis\aug_0_9351.jpg,1,Atopic Dermatitis,1,Atopic Dermatitis,0.9935,True
aug_0_1633.jpg,d:\Skin Disease classification\newtrain\Tinea Ringworm Candidiasis\aug_0_1633.jpg,7,Tinea Ringworm Candidiasis,7,Tinea Ringworm Candidiasis,1.0,True
aug_0_2213.jpg,d:\Skin Disease classification\newtrain\Dermatofibroma\aug_0_2213.jpg,3,Dermatofibroma,3,Dermatofibroma,0.9988,True
aug_0_9502.jpg,d:\Skin Disease classification\newtrain\Actinic keratosis\aug_0_9502.jpg,0,Actinic keratosis,0,Actinic keratosis,0.9478,True
aug_0_6123.jpg,d:\Skin Disease classification\newtrain\Atopic Dermatitis\aug_0_6123.jpg,1,Atopic Dermatitis,1,Atopic Dermatitis,1.0,True
aug_0_1618.jpg,d:\Skin Disease classification\newtrain\Squamous cell carcinoma\aug_0_1618.jpg,6,Squamous cell carcinoma,8,Vascular lesion,0.8782,False
aug_0_6990.jpg,d:\Skin Disease classification\newtrain\Tinea Ringworm Candidiasis\aug_0_6990.jpg,7,Tinea Ringworm Candidiasis,7,Tinea Ringworm Candidiasis,0.9631,True
aug_0_2965.jpg,d:\Skin Disease classification\newtrain\Actinic keratosis\aug_0_2965.jpg,0,Actinic keratosis,0,Actinic keratosis,1.0,True
aug_0_8817.jpg,d:\Skin Disease classification\newtrain\Tinea Ringworm Candidiasis\aug_0_8817.jpg,7,Tinea Ringworm Candidiasis,7,Tinea Ringworm Candidiasis,1.0,True
aug_0_8113.jpg,d:\Skin Disease classification\newtrain\Vascular lesion\aug_0_8113.jpg,8,Vascular lesion,8,Vascular lesion,1.0,True
aug_0_9246.jpg,d:\Skin Disease classification\newtrain\Atopic Dermatitis\aug_0_9246.jpg,1,Atopic Dermatitis,1,Atopic Dermatitis,1.0,True
aug_0_4190.jpg,d:\Skin Disease classification\newtrain\Benign keratosis\aug_0_4190.jpg,2,Benign keratosis,2,Benign keratosis,1.0,True
aug_0_5226.jpg,d:\Skin Disease classification\newtrain\Melanoma\aug_0_5226.jpg,5,Melanoma,5,Melanoma,0.7976,True
aug_0_2349.jpg,d:\Skin Disease classification\newtrain\Squamous cell carcinoma\aug_0_2349.jpg,6,Squamous cell carcinoma,6,Squamous cell carcinoma,0.6402,True
aug_0_425.jpg,d:\Skin Disease classification\newtrain\Benign keratosis\aug_0_425.jpg,2,Benign keratosis,2,Benign keratosis,1.0,True
aug_0_1623.jpg,d:\Skin Disease classification\newtrain\Melanocytic nevus\aug_0_1623.jpg,4,Melanocytic nevus,4,Melanocytic nevus,0.9991,True
aug_0_7912.jpg,d:\Skin Disease classification\newtrain\Vascular lesion\aug_0_7912.jpg,8,Vascular lesion,8,Vascular lesion,1.0,True
aug_0_2712.jpg,d:\Skin Disease classification\newtrain\Vascular lesion\aug_0_2712.jpg,8,Vascular lesion,8,Vascular lesion,1.0,True
aug_0_2466.jpg,d:\Skin Disease classification\newtrain\Squamous cell carcinoma\aug_0_2466.jpg,6,Squamous cell carcinoma,6,Squamous cell carcinoma,0.9444,True
aug_0_2126.jpg,d:\Skin Disease classification\newtrain\Melanoma\aug_0_2126.jpg,5,Melanoma,5,Melanoma,0.9975,True
aug_0_8165.jpg,d:\Skin Disease classification\newtrain\Benign keratosis\aug_0_8165.jpg,2,Benign keratosis,2,Benign keratosis,1.0,True
aug_0_7384.jpg,d:\Skin Disease classification\newtrain\Dermatofibroma\aug_0_7384.jpg,3,Dermatofibroma,3,Dermatofibroma,0.9338,True
aug_0_7835.jpg,d:\Skin Disease classification\newtrain\Squamous cell carcinoma\aug_0_7835.jpg,6,Squamous cell carcinoma,6,Squamous cell carcinoma,0.9999,True
aug_0_8680.jpg,d:\Skin Disease classification\newtrain\Tinea Ringworm Candidiasis\aug_0_8680.jpg,7,Tinea Ringworm Candidiasis,7,Tinea Ringworm Candidiasis,1.0,True
aug_0_1086.jpg,d:\Skin Disease classification\newtrain\Atopic Dermatitis\aug_0_1086.jpg,1,Atopic Dermatitis,1,Atopic Dermatitis,0.9999,True
aug_0_6832.jpg,d:\Skin Disease classification\newtrain\Squamous cell carcinoma\aug_0_6832.jpg,6,Squamous cell carcinoma,6,Squamous cell carcinoma,0.9969,True
aug_0_8542.jpg,d:\Skin Disease classification\newtrain\Squamous cell carcinoma\aug_0_8542.jpg,6,Squamous cell carcinoma,6,Squamous cell carcinoma,0.8546,True
aug_0_8106.jpg,d:\Skin Disease classification\newtrain\Tinea Ringworm Candidiasis\aug_0_8106.jpg,7,Tinea Ringworm Candidiasis,7,Tinea Ringworm Candidiasis,1.0,True
aug_0_9722.jpg,d:\Skin Disease classification\newtrain\Melanocytic nevus\aug_0_9722.jpg,4,Melanocytic nevus,4,Melanocytic nevus,1.0,True
aug_0_6480.jpg,d:\Skin Disease classification\newtrain\Dermatofibroma\aug_0_6480.jpg,3,Dermatofibroma,6,Squamous cell carcinoma,0.5668,False
aug_0_8500.jpg,d:\Skin Disease classification\newtrain\Vascular lesion\aug_0_8500.jpg,8,Vascular lesion,8,Vascular lesion,1.0,True
aug_0_3088.jpg,d:\Skin Disease classification\newtrain\Melanocytic nevus\aug_0_3088.jpg,4,Melanocytic nevus,4,Melanocytic nevus,0.9441,True
aug_0_2186.jpg,d:\Skin Disease classification\newtrain\Tinea Ringworm Candidiasis\aug_0_2186.jpg,7,Tinea Ringworm Candidiasis,7,Tinea Ringworm Candidiasis,1.0,True
aug_0_1045.jpg,d:\Skin Disease classification\newtrain\Actinic keratosis\aug_0_1045.jpg,0,Actinic keratosis,0,Actinic keratosis,0.981,True
aug_0_9872.jpg,d:\Skin Disease classification\newtrain\Dermatofibroma\aug_0_9872.jpg,3,Dermatofibroma,3,Dermatofibroma,1.0,True
aug_0_2242.jpg,d:\Skin Disease classification\newtrain\Squamous cell carcinoma\aug_0_2242.jpg,6,Squamous cell carcinoma,6,Squamous cell carcinoma,0.693,True
aug_0_9017.jpg,d:\Skin Disease classification\newtrain\Dermatofibroma\aug_0_9017.jpg,3,Dermatofibroma,3,Dermatofibroma,0.9972,True
aug_0_2246.jpg,d:\Skin Disease classification\newtrain\Benign keratosis\aug_0_2246.jpg,2,Benign keratosis,2,Benign keratosis,1.0,True
aug_0_7738.jpg,d:\Skin Disease classification\newtrain\Squamous cell carcinoma\aug_0_7738.jpg,6,Squamous cell carcinoma,6,Squamous cell carcinoma,0.9803,True
aug_0_2368.jpg,d:\Skin Disease classification\newtrain\Tinea Ringworm Candidiasis\aug_0_2368.jpg,7,Tinea Ringworm Candidiasis,7,Tinea Ringworm Candidiasis,0.9993,True
aug_0_1693.jpg,d:\Skin Disease classification\newtrain\Atopic Dermatitis\aug_0_1693.jpg,1,Atopic Dermatitis,1,Atopic Dermatitis,1.0,True
aug_0_505.jpg,d:\Skin Disease classification\newtrain\Benign keratosis\aug_0_505.jpg,2,Benign keratosis,2,Benign keratosis,1.0,True
aug_0_9034.jpg,d:\Skin Disease classification\newtrain\Melanocytic nevus\aug_0_9034.jpg,4,Melanocytic nevus,5,Melanoma,0.7038,False
aug_0_3949.jpg,d:\Skin Disease classification\newtrain\Dermatofibroma\aug_0_3949.jpg,3,Dermatofibroma,3,Dermatofibroma,0.9997,True
aug_0_3111.jpg,d:\Skin Disease classification\newtrain\Dermatofibroma\aug_0_3111.jpg,3,Dermatofibroma,3,Dermatofibroma,1.0,True
aug_0_6067.jpg,d:\Skin Disease classification\newtrain\Benign keratosis\aug_0_6067.jpg,2,Benign keratosis,2,Benign keratosis,1.0,True
aug_0_3370.jpg,d:\Skin Disease classification\newtrain\Melanocytic nevus\aug_0_3370.jpg,4,Melanocytic nevus,4,Melanocytic nevus,1.0,True
aug_0_2950.jpg,d:\Skin Disease classification\newtrain\Vascular lesion\aug_0_2950.jpg,8,Vascular lesion,8,Vascular lesion,1.0,True
aug_0_2656.jpg,d:\Skin Disease classification\newtrain\Vascular lesion\aug_0_2656.jpg,8,Vascular lesion,8,Vascular lesion,1.0,True
aug_0_6547.jpg,d:\Skin Disease classification\newtrain\Tinea Ringworm Candidiasis\aug_0_6547.jpg,7,Tinea Ringworm Candidiasis,7,Tinea Ringworm Candidiasis,1.0,True
aug_0_9339.jpg,d:\Skin Disease classification\newtrain\Atopic Dermatitis\aug_0_9339.jpg,1,Atopic Dermatitis,1,Atopic Dermatitis,1.0,True
aug_0_8725.jpg,d:\Skin Disease classification\newtrain\Actinic keratosis\aug_0_8725.jpg,0,Actinic keratosis,0,Actinic keratosis,0.9985,True
aug_0_9454.jpg,d:\Skin Disease classification\newtrain\Actinic keratosis\aug_0_9454.jpg,0,Actinic keratosis,0,Actinic keratosis,0.9909,True
aug_0_4641.jpg,d:\Skin Disease classification\newtrain\Tinea Ringworm Candidiasis\aug_0_4641.jpg,7,Tinea Ringworm Candidiasis,7,Tinea Ringworm Candidiasis,1.0,True
aug_0_4136.jpg,d:\Skin Disease classification\newtrain\Benign keratosis\aug_0_4136.jpg,2,Benign keratosis,2,Benign keratosis,1.0,True
aug_0_6279.jpg,d:\Skin Disease classification\newtrain\Vascular lesion\aug_0_6279.jpg,8,Vascular lesion,8,Vascular lesion,1.0,True
aug_0_5153.jpg,d:\Skin Disease classification\newtrain\Vascular lesion\aug_0_5153.jpg,8,Vascular lesion,8,Vascular lesion,1.0,True
aug_0_8198.jpg,d:\Skin Disease classification\newtrain\Benign keratosis\aug_0_8198.jpg,2,Benign keratosis,2,Benign keratosis,1.0,True
aug_0_5346.jpg,d:\Skin Disease classification\newtrain\Vascular lesion\aug_0_5346.jpg,8,Vascular lesion,8,Vascular lesion,1.0,True
aug_0_9854.jpg,d:\Skin Disease classification\newtrain\Actinic keratosis\aug_0_9854.jpg,0,Actinic keratosis,0,Actinic keratosis,0.7262,True
aug_0_1533.jpg,d:\Skin Disease classification\newtrain\Actinic keratosis\aug_0_1533.jpg,0,Actinic keratosis,0,Actinic keratosis,0.9865,True
aug_0_1086.jpg,d:\Skin Disease classification\newtrain\Actinic keratosis\aug_0_1086.jpg,0,Actinic keratosis,0,Actinic keratosis,1.0,True
aug_0_9118.jpg,d:\Skin Disease classification\newtrain\Melanoma\aug_0_9118.jpg,5,Melanoma,4,Melanocytic nevus,0.5056,False
aug_0_2941.jpg,d:\Skin Disease classification\newtrain\Vascular lesion\aug_0_2941.jpg,8,Vascular lesion,8,Vascular lesion,1.0,True
aug_0_6652.jpg,d:\Skin Disease classification\newtrain\Melanocytic nevus\aug_0_6652.jpg,4,Melanocytic nevus,4,Melanocytic nevus,0.9882,True
aug_0_6372.jpg,d:\Skin Disease classification\newtrain\Atopic Dermatitis\aug_0_6372.jpg,1,Atopic Dermatitis,1,Atopic Dermatitis,1.0,True
aug_0_6573.jpg,d:\Skin Disease classification\newtrain\Melanocytic nevus\aug_0_6573.jpg,4,Melanocytic nevus,4,Melanocytic nevus,0.9925,True
aug_0_1024.jpg,d:\Skin Disease classification\newtrain\Melanocytic nevus\aug_0_1024.jpg,4,Melanocytic nevus,4,Melanocytic nevus,0.9997,True
aug_0_6868.jpg,d:\Skin Disease classification\newtrain\Melanoma\aug_0_6868.jpg,5,Melanoma,5,Melanoma,0.9925,True
aug_0_1688.jpg,d:\Skin Disease classification\newtrain\Squamous cell carcinoma\aug_0_1688.jpg,6,Squamous cell carcinoma,6,Squamous cell carcinoma,0.9977,True
aug_0_3097.jpg,d:\Skin Disease classification\newtrain\Benign keratosis\aug_0_3097.jpg,2,Benign keratosis,2,Benign keratosis,1.0,True
aug_0_5782.jpg,d:\Skin Disease classification\newtrain\Benign keratosis\aug_0_5782.jpg,2,Benign keratosis,2,Benign keratosis,1.0,True
aug_0_2277.jpg,d:\Skin Disease classification\newtrain\Actinic keratosis\aug_0_2277.jpg,0,Actinic keratosis,0,Actinic keratosis,0.6545,True
aug_0_4731.jpg,d:\Skin Disease classification\newtrain\Actinic keratosis\aug_0_4731.jpg,0,Actinic keratosis,0,Actinic keratosis,1.0,True
aug_0_5315.jpg,d:\Skin Disease classification\newtrain\Actinic keratosis\aug_0_5315.jpg,0,Actinic keratosis,0,Actinic keratosis,0.9853,True
aug_0_7800.jpg,d:\Skin Disease classification\newtrain\Melanoma\aug_0_7800.jpg,5,Melanoma,5,Melanoma,0.7839,True
aug_0_5768.jpg,d:\Skin Disease classification\newtrain\Actinic keratosis\aug_0_5768.jpg,0,Actinic keratosis,0,Actinic keratosis,0.8513,True
aug_0_7147.jpg,d:\Skin Disease classification\newtrain\Tinea Ringworm Candidiasis\aug_0_7147.jpg,7,Tinea Ringworm Candidiasis,7,Tinea Ringworm Candidiasis,0.9998,True
aug_0_1677.jpg,d:\Skin Disease classification\newtrain\Benign keratosis\aug_0_1677.jpg,2,Benign keratosis,2,Benign keratosis,1.0,True
aug_0_7901.jpg,d:\Skin Disease classification\newtrain\Atopic Dermatitis\aug_0_7901.jpg,1,Atopic Dermatitis,1,Atopic Dermatitis,1.0,True
aug_0_2754.jpg,d:\Skin Disease classification\newtrain\Actinic keratosis\aug_0_2754.jpg,0,Actinic keratosis,0,Actinic keratosis,0.909,True
aug_0_6966.jpg,d:\Skin Disease classification\newtrain\Benign keratosis\aug_0_6966.jpg,2,Benign keratosis,2,Benign keratosis,1.0,True
aug_0_1951.jpg,d:\Skin Disease classification\newtrain\Vascular lesion\aug_0_1951.jpg,8,Vascular lesion,8,Vascular lesion,1.0,True
aug_0_8087.jpg,d:\Skin Disease classification\newtrain\Squamous cell carcinoma\aug_0_8087.jpg,6,Squamous cell carcinoma,6,Squamous cell carcinoma,0.9498,True
aug_0_6992.jpg,d:\Skin Disease classification\newtrain\Benign keratosis\aug_0_6992.jpg,2,Benign keratosis,2,Benign keratosis,1.0,True
aug_0_3957.jpg,d:\Skin Disease classification\newtrain\Actinic keratosis\aug_0_3957.jpg,0,Actinic keratosis,0,Actinic keratosis,0.9999,True
aug_0_2311.jpg,d:\Skin Disease classification\newtrain\Melanocytic nevus\aug_0_2311.jpg,4,Melanocytic nevus,4,Melanocytic nevus,0.9962,True
aug_0_5390.jpg,d:\Skin Disease classification\newtrain\Dermatofibroma\aug_0_5390.jpg,3,Dermatofibroma,3,Dermatofibroma,0.9971,True
aug_0_6841.jpg,d:\Skin Disease classification\newtrain\Vascular lesion\aug_0_6841.jpg,8,Vascular lesion,8,Vascular lesion,0.9994,True
aug_0_7000.jpg,d:\Skin Disease classification\newtrain\Squamous cell carcinoma\aug_0_7000.jpg,6,Squamous cell carcinoma,6,Squamous cell carcinoma,0.7672,True
aug_0_5224.jpg,d:\Skin Disease classification\newtrain\Benign keratosis\aug_0_5224.jpg,2,Benign keratosis,2,Benign keratosis,1.0,True
aug_0_2041.jpg,d:\Skin Disease classification\newtrain\Benign keratosis\aug_0_2041.jpg,2,Benign keratosis,2,Benign keratosis,1.0,True
aug_0_3994.jpg,d:\Skin Disease classification\newtrain\Vascular lesion\aug_0_3994.jpg,8,Vascular lesion,8,Vascular lesion,1.0,True
aug_0_3560.jpg,d:\Skin Disease classification\newtrain\Tinea Ringworm Candidiasis\aug_0_3560.jpg,7,Tinea Ringworm Candidiasis,7,Tinea Ringworm Candidiasis,0.9995,True
aug_0_9864.jpg,d:\Skin Disease classification\newtrain\Benign keratosis\aug_0_9864.jpg,2,Benign keratosis,2,Benign keratosis,1.0,True
aug_0_6408.jpg,d:\Skin Disease classification\newtrain\Melanoma\aug_0_6408.jpg,5,Melanoma,5,Melanoma,0.9996,True
aug_0_2256.jpg,d:\Skin Disease classification\newtrain\Squamous cell carcinoma\aug_0_2256.jpg,6,Squamous cell carcinoma,6,Squamous cell carcinoma,0.9766,True
aug_0_5749.jpg,d:\Skin Disease classification\newtrain\Squamous cell carcinoma\aug_0_5749.jpg,6,Squamous cell carcinoma,6,Squamous cell carcinoma,0.9989,True
aug_0_9022.jpg,d:\Skin Disease classification\newtrain\Tinea Ringworm Candidiasis\aug_0_9022.jpg,7,Tinea Ringworm Candidiasis,7,Tinea Ringworm Candidiasis,1.0,True
aug_0_2206.jpg,d:\Skin Disease classification\newtrain\Melanocytic nevus\aug_0_2206.jpg,4,Melanocytic nevus,4,Melanocytic nevus,0.9352,True
aug_0_9689.jpg,d:\Skin Disease classification\newtrain\Atopic Dermatitis\aug_0_9689.jpg,1,Atopic Dermatitis,1,Atopic Dermatitis,1.0,True
aug_0_464.jpg,d:\Skin Disease classification\newtrain\Tinea Ringworm Candidiasis\aug_0_464.jpg,7,Tinea Ringworm Candidiasis,7,Tinea Ringworm Candidiasis,1.0,True
aug_0_5228.jpg,d:\Skin Disease classification\newtrain\Actinic keratosis\aug_0_5228.jpg,0,Actinic keratosis,0,Actinic keratosis,0.9542,True
aug_0_2820.jpg,d:\Skin Disease classification\newtrain\Benign keratosis\aug_0_2820.jpg,2,Benign keratosis,2,Benign keratosis,1.0,True
aug_0_6022.jpg,d:\Skin Disease classification\newtrain\Melanocytic nevus\aug_0_6022.jpg,4,Melanocytic nevus,4,Melanocytic nevus,1.0,True
aug_0_77.jpg,d:\Skin Disease classification\newtrain\Melanocytic nevus\aug_0_77.jpg,4,Melanocytic nevus,4,Melanocytic nevus,0.9949,True
aug_0_8078.jpg,d:\Skin Disease classification\newtrain\Melanoma\aug_0_8078.jpg,5,Melanoma,5,Melanoma,0.9533,True
aug_0_1817.jpg,d:\Skin Disease classification\newtrain\Tinea Ringworm Candidiasis\aug_0_1817.jpg,7,Tinea Ringworm Candidiasis,7,Tinea Ringworm Candidiasis,1.0,True
aug_0_801.jpg,d:\Skin Disease classification\newtrain\Melanocytic nevus\aug_0_801.jpg,4,Melanocytic nevus,4,Melanocytic nevus,0.98,True
aug_0_9202.jpg,d:\Skin Disease classification\newtrain\Actinic keratosis\aug_0_9202.jpg,0,Actinic keratosis,0,Actinic keratosis,1.0,True
aug_0_6929.jpg,d:\Skin Disease classification\newtrain\Atopic Dermatitis\aug_0_6929.jpg,1,Atopic Dermatitis,1,Atopic Dermatitis,1.0,True
aug_0_2944.jpg,d:\Skin Disease classification\newtrain\Melanoma\aug_0_2944.jpg,5,Melanoma,5,Melanoma,0.9867,True
aug_0_9718.jpg,d:\Skin Disease classification\newtrain\Vascular lesion\aug_0_9718.jpg,8,Vascular lesion,8,Vascular lesion,1.0,True
aug_0_4339.jpg,d:\Skin Disease classification\newtrain\Tinea Ringworm Candidiasis\aug_0_4339.jpg,7,Tinea Ringworm Candidiasis,7,Tinea Ringworm Candidiasis,0.9833,True
aug_0_7902.jpg,d:\Skin Disease classification\newtrain\Vascular lesion\aug_0_7902.jpg,8,Vascular lesion,8,Vascular lesion,1.0,True
aug_0_8719.jpg,d:\Skin Disease classification\newtrain\Actinic keratosis\aug_0_8719.jpg,0,Actinic keratosis,0,Actinic keratosis,0.9909,True
aug_0_5859.jpg,d:\Skin Disease classification\newtrain\Dermatofibroma\aug_0_5859.jpg,3,Dermatofibroma,3,Dermatofibroma,0.9999,True
aug_0_41.jpg,d:\Skin Disease classification\newtrain\Atopic Dermatitis\aug_0_41.jpg,1,Atopic Dermatitis,1,Atopic Dermatitis,1.0,True
aug_0_3226.jpg,d:\Skin Disease classification\newtrain\Benign keratosis\aug_0_3226.jpg,2,Benign keratosis,2,Benign keratosis,1.0,True
aug_0_1316.jpg,d:\Skin Disease classification\newtrain\Melanoma\aug_0_1316.jpg,5,Melanoma,4,Melanocytic nevus,0.7706,False
aug_0_1041.jpg,d:\Skin Disease classification\newtrain\Benign keratosis\aug_0_1041.jpg,2,Benign keratosis,2,Benign keratosis,1.0,True
aug_0_2491.jpg,d:\Skin Disease classification\newtrain\Dermatofibroma\aug_0_2491.jpg,3,Dermatofibroma,3,Dermatofibroma,1.0,True
aug_0_3939.jpg,d:\Skin Disease classification\newtrain\Melanoma\aug_0_3939.jpg,5,Melanoma,5,Melanoma,0.7097,True
aug_0_3548.jpg,d:\Skin Disease classification\newtrain\Melanoma\aug_0_3548.jpg,5,Melanoma,5,Melanoma,0.9988,True
aug_0_5033.jpg,d:\Skin Disease classification\newtrain\Vascular lesion\aug_0_5033.jpg,8,Vascular lesion,8,Vascular lesion,0.9993,True
aug_0_7383.jpg,d:\Skin Disease classification\newtrain\Dermatofibroma\aug_0_7383.jpg,3,Dermatofibroma,3,Dermatofibroma,1.0,True
aug_0_7555.jpg,d:\Skin Disease classification\newtrain\Tinea Ringworm Candidiasis\aug_0_7555.jpg,7,Tinea Ringworm Candidiasis,7,Tinea Ringworm Candidiasis,0.9998,True
aug_0_8101.jpg,d:\Skin Disease classification\newtrain\Melanoma\aug_0_8101.jpg,5,Melanoma,5,Melanoma,0.9995,True
aug_0_5113.jpg,d:\Skin Disease classification\newtrain\Benign keratosis\aug_0_5113.jpg,2,Benign keratosis,2,Benign keratosis,0.9993,True
aug_0_3897.jpg,d:\Skin Disease classification\newtrain\Dermatofibroma\aug_0_3897.jpg,3,Dermatofibroma,3,Dermatofibroma,0.7398,True
aug_0_9981.jpg,d:\Skin Disease classification\newtrain\Benign keratosis\aug_0_9981.jpg,2,Benign keratosis,2,Benign keratosis,1.0,True
aug_0_6428.jpg,d:\Skin Disease classification\newtrain\Vascular lesion\aug_0_6428.jpg,8,Vascular lesion,8,Vascular lesion,0.9156,True
aug_0_705.jpg,d:\Skin Disease classification\newtrain\Dermatofibroma\aug_0_705.jpg,3,Dermatofibroma,3,Dermatofibroma,0.8303,True
aug_0_4827.jpg,d:\Skin Disease classification\newtrain\Dermatofibroma\aug_0_4827.jpg,3,Dermatofibroma,3,Dermatofibroma,0.9986,True
aug_0_5645.jpg,d:\Skin Disease classification\newtrain\Tinea Ringworm Candidiasis\aug_0_5645.jpg,7,Tinea Ringworm Candidiasis,7,Tinea Ringworm Candidiasis,1.0,True
aug_0_1173.jpg,d:\Skin Disease classification\newtrain\Dermatofibroma\aug_0_1173.jpg,3,Dermatofibroma,3,Dermatofibroma,0.9825,True
aug_0_4235.jpg,d:\Skin Disease classification\newtrain\Squamous cell carcinoma\aug_0_4235.jpg,6,Squamous cell carcinoma,6,Squamous cell carcinoma,0.9335,True
aug_0_3231.jpg,d:\Skin Disease classification\newtrain\Vascular lesion\aug_0_3231.jpg,8,Vascular lesion,8,Vascular lesion,1.0,True
aug_0_9835.jpg,d:\Skin Disease classification\newtrain\Actinic keratosis\aug_0_9835.jpg,0,Actinic keratosis,0,Actinic keratosis,0.9987,True
aug_0_9896.jpg,d:\Skin Disease classification\newtrain\Atopic Dermatitis\aug_0_9896.jpg,1,Atopic Dermatitis,1,Atopic Dermatitis,0.9996,True
aug_0_6604.jpg,d:\Skin Disease classification\newtrain\Dermatofibroma\aug_0_6604.jpg,3,Dermatofibroma,3,Dermatofibroma,0.9999,True
aug_0_8003.jpg,d:\Skin Disease classification\newtrain\Vascular lesion\aug_0_8003.jpg,8,Vascular lesion,8,Vascular lesion,1.0,True
aug_0_5635.jpg,d:\Skin Disease classification\newtrain\Actinic keratosis\aug_0_5635.jpg,0,Actinic keratosis,0,Actinic keratosis,1.0,True
aug_0_2308.jpg,d:\Skin Disease classification\newtrain\Atopic Dermatitis\aug_0_2308.jpg,1,Atopic Dermatitis,1,Atopic Dermatitis,0.9958,True
aug_0_6743.jpg,d:\Skin Disease classification\newtrain\Vascular lesion\aug_0_6743.jpg,8,Vascular lesion,8,Vascular lesion,1.0,True
aug_0_5698.jpg,d:\Skin Disease classification\newtrain\Vascular lesion\aug_0_5698.jpg,8,Vascular lesion,8,Vascular lesion,1.0,True
aug_0_7574.jpg,d:\Skin Disease classification\newtrain\Benign keratosis\aug_0_7574.jpg,2,Benign keratosis,2,Benign keratosis,1.0,True
aug_0_9339.jpg,d:\Skin Disease classification\newtrain\Squamous cell carcinoma\aug_0_9339.jpg,6,Squamous cell carcinoma,6,Squamous cell carcinoma,0.9679,True
aug_0_3167.jpg,d:\Skin Disease classification\newtrain\Vascular lesion\aug_0_3167.jpg,8,Vascular lesion,8,Vascular lesion,1.0,True
aug_0_8525.jpg,d:\Skin Disease classification\newtrain\Atopic Dermatitis\aug_0_8525.jpg,1,Atopic Dermatitis,1,Atopic Dermatitis,0.9998,True
aug_0_7839.jpg,d:\Skin Disease classification\newtrain\Squamous cell carcinoma\aug_0_7839.jpg,6,Squamous cell carcinoma,6,Squamous cell carcinoma,0.6563,True
aug_0_4477.jpg,d:\Skin Disease classification\newtrain\Benign keratosis\aug_0_4477.jpg,2,Benign keratosis,2,Benign keratosis,1.0,True
aug_0_9151.jpg,d:\Skin Disease classification\newtrain\Actinic keratosis\aug_0_9151.jpg,0,Actinic keratosis,0,Actinic keratosis,0.9999,True
aug_0_3270.jpg,d:\Skin Disease classification\newtrain\Dermatofibroma\aug_0_3270.jpg,3,Dermatofibroma,3,Dermatofibroma,0.9999,True
aug_0_2224.jpg,d:\Skin Disease classification\newtrain\Squamous cell carcinoma\aug_0_2224.jpg,6,Squamous cell carcinoma,6,Squamous cell carcinoma,0.9291,True
aug_0_6582.jpg,d:\Skin Disease classification\newtrain\Atopic Dermatitis\aug_0_6582.jpg,1,Atopic Dermatitis,1,Atopic Dermatitis,1.0,True
aug_0_2319.jpg,d:\Skin Disease classification\newtrain\Tinea Ringworm Candidiasis\aug_0_2319.jpg,7,Tinea Ringworm Candidiasis,7,Tinea Ringworm Candidiasis,1.0,True
aug_0_5107.jpg,d:\Skin Disease classification\newtrain\Melanoma\aug_0_5107.jpg,5,Melanoma,5,Melanoma,0.8066,True
aug_0_5758.jpg,d:\Skin Disease classification\newtrain\Squamous cell carcinoma\aug_0_5758.jpg,6,Squamous cell carcinoma,6,Squamous cell carcinoma,0.9875,True
aug_0_5837.jpg,d:\Skin Disease classification\newtrain\Dermatofibroma\aug_0_5837.jpg,3,Dermatofibroma,3,Dermatofibroma,1.0,True
aug_0_8388.jpg,d:\Skin Disease classification\newtrain\Melanoma\aug_0_8388.jpg,5,Melanoma,5,Melanoma,0.9982,True
aug_0_9038.jpg,d:\Skin Disease classification\newtrain\Dermatofibroma\aug_0_9038.jpg,3,Dermatofibroma,3,Dermatofibroma,0.9996,True
aug_0_860.jpg,d:\Skin Disease classification\newtrain\Benign keratosis\aug_0_860.jpg,2,Benign keratosis,2,Benign keratosis,1.0,True
aug_0_7209.jpg,d:\Skin Disease classification\newtrain\Squamous cell carcinoma\aug_0_7209.jpg,6,Squamous cell carcinoma,6,Squamous cell carcinoma,0.8363,True
aug_0_2774.jpg,d:\Skin Disease classification\newtrain\Melanocytic nevus\aug_0_2774.jpg,4,Melanocytic nevus,4,Melanocytic nevus,0.9864,True
aug_0_8264.jpg,d:\Skin Disease classification\newtrain\Squamous cell carcinoma\aug_0_8264.jpg,6,Squamous cell carcinoma,6,Squamous cell carcinoma,0.982,True
aug_0_8522.jpg,d:\Skin Disease classification\newtrain\Melanoma\aug_0_8522.jpg,5,Melanoma,4,Melanocytic nevus,0.7445,False
aug_0_4724.jpg,d:\Skin Disease classification\newtrain\Benign keratosis\aug_0_4724.jpg,2,Benign keratosis,2,Benign keratosis,1.0,True
aug_0_1825.jpg,d:\Skin Disease classification\newtrain\Squamous cell carcinoma\aug_0_1825.jpg,6,Squamous cell carcinoma,6,Squamous cell carcinoma,0.9829,True
aug_0_4621.jpg,d:\Skin Disease classification\newtrain\Vascular lesion\aug_0_4621.jpg,8,Vascular lesion,8,Vascular lesion,1.0,True
aug_0_8925.jpg,d:\Skin Disease classification\newtrain\Benign keratosis\aug_0_8925.jpg,2,Benign keratosis,2,Benign keratosis,0.9992,True
aug_0_3006.jpg,d:\Skin Disease classification\newtrain\Benign keratosis\aug_0_3006.jpg,2,Benign keratosis,2,Benign keratosis,1.0,True
aug_0_4376.jpg,d:\Skin Disease classification\newtrain\Squamous cell carcinoma\aug_0_4376.jpg,6,Squamous cell carcinoma,6,Squamous cell carcinoma,0.7177,True
aug_0_3182.jpg,d:\Skin Disease classification\newtrain\Dermatofibroma\aug_0_3182.jpg,3,Dermatofibroma,3,Dermatofibroma,1.0,True
aug_0_3642.jpg,d:\Skin Disease classification\newtrain\Actinic keratosis\aug_0_3642.jpg,0,Actinic keratosis,0,Actinic keratosis,0.9989,True
aug_0_178.jpg,d:\Skin Disease classification\newtrain\Melanocytic nevus\aug_0_178.jpg,4,Melanocytic nevus,4,Melanocytic nevus,0.9998,True
aug_0_9020.jpg,d:\Skin Disease classification\newtrain\Actinic keratosis\aug_0_9020.jpg,0,Actinic keratosis,0,Actinic keratosis,0.9852,True
aug_0_7114.jpg,d:\Skin Disease classification\newtrain\Melanoma\aug_0_7114.jpg,5,Melanoma,5,Melanoma,0.962,True
aug_0_2559.jpg,d:\Skin Disease classification\newtrain\Melanoma\aug_0_2559.jpg,5,Melanoma,5,Melanoma,0.9959,True
aug_0_7062.jpg,d:\Skin Disease classification\newtrain\Benign keratosis\aug_0_7062.jpg,2,Benign keratosis,2,Benign keratosis,1.0,True
aug_0_4326.jpg,d:\Skin Disease classification\newtrain\Vascular lesion\aug_0_4326.jpg,8,Vascular lesion,8,Vascular lesion,1.0,True
aug_0_1670.jpg,d:\Skin Disease classification\newtrain\Melanocytic nevus\aug_0_1670.jpg,4,Melanocytic nevus,4,Melanocytic nevus,0.9997,True
aug_0_7601.jpg,d:\Skin Disease classification\newtrain\Tinea Ringworm Candidiasis\aug_0_7601.jpg,7,Tinea Ringworm Candidiasis,7,Tinea Ringworm Candidiasis,1.0,True
aug_0_6056.jpg,d:\Skin Disease classification\newtrain\Dermatofibroma\aug_0_6056.jpg,3,Dermatofibroma,6,Squamous cell carcinoma,0.9452,False
aug_0_1704.jpg,d:\Skin Disease classification\newtrain\Atopic Dermatitis\aug_0_1704.jpg,1,Atopic Dermatitis,1,Atopic Dermatitis,1.0,True
aug_0_8559.jpg,d:\Skin Disease classification\newtrain\Melanocytic nevus\aug_0_8559.jpg,4,Melanocytic nevus,4,Melanocytic nevus,0.9996,True
aug_0_5295.jpg,d:\Skin Disease classification\newtrain\Benign keratosis\aug_0_5295.jpg,2,Benign keratosis,2,Benign keratosis,1.0,True
aug_0_1615.jpg,d:\Skin Disease classification\newtrain\Squamous cell carcinoma\aug_0_1615.jpg,6,Squamous cell carcinoma,6,Squamous cell carcinoma,0.8809,True
aug_0_1096.jpg,d:\Skin Disease classification\newtrain\Dermatofibroma\aug_0_1096.jpg,3,Dermatofibroma,3,Dermatofibroma,1.0,True
aug_0_3121.jpg,d:\Skin Disease classification\newtrain\Atopic Dermatitis\aug_0_3121.jpg,1,Atopic Dermatitis,1,Atopic Dermatitis,0.9989,True
aug_0_9837.jpg,d:\Skin Disease classification\newtrain\Melanoma\aug_0_9837.jpg,5,Melanoma,5,Melanoma,1.0,True
aug_0_6123.jpg,d:\Skin Disease classification\newtrain\Melanoma\aug_0_6123.jpg,5,Melanoma,5,Melanoma,0.8976,True
aug_0_5509.jpg,d:\Skin Disease classification\newtrain\Melanoma\aug_0_5509.jpg,5,Melanoma,5,Melanoma,0.989,True
aug_0_7331.jpg,d:\Skin Disease classification\newtrain\Melanocytic nevus\aug_0_7331.jpg,4,Melanocytic nevus,4,Melanocytic nevus,1.0,True
aug_0_3783.jpg,d:\Skin Disease classification\newtrain\Vascular lesion\aug_0_3783.jpg,8,Vascular lesion,8,Vascular lesion,1.0,True
aug_0_3676.jpg,d:\Skin Disease classification\newtrain\Atopic Dermatitis\aug_0_3676.jpg,1,Atopic Dermatitis,1,Atopic Dermatitis,1.0,True
aug_0_1866.jpg,d:\Skin Disease classification\newtrain\Benign keratosis\aug_0_1866.jpg,2,Benign keratosis,2,Benign keratosis,1.0,True
aug_0_5195.jpg,d:\Skin Disease classification\newtrain\Melanoma\aug_0_5195.jpg,5,Melanoma,5,Melanoma,0.9672,True
aug_0_2589.jpg,d:\Skin Disease classification\newtrain\Atopic Dermatitis\aug_0_2589.jpg,1,Atopic Dermatitis,1,Atopic Dermatitis,1.0,True
aug_0_3982.jpg,d:\Skin Disease classification\newtrain\Tinea Ringworm Candidiasis\aug_0_3982.jpg,7,Tinea Ringworm Candidiasis,7,Tinea Ringworm Candidiasis,0.974,True
aug_0_1325.jpg,d:\Skin Disease classification\newtrain\Tinea Ringworm Candidiasis\aug_0_1325.jpg,7,Tinea Ringworm Candidiasis,7,Tinea Ringworm Candidiasis,0.9965,True
aug_0_5162.jpg,d:\Skin Disease classification\newtrain\Atopic Dermatitis\aug_0_5162.jpg,1,Atopic Dermatitis,1,Atopic Dermatitis,1.0,True
aug_0_2076.jpg,d:\Skin Disease classification\newtrain\Dermatofibroma\aug_0_2076.jpg,3,Dermatofibroma,3,Dermatofibroma,1.0,True
aug_0_8118.jpg,d:\Skin Disease classification\newtrain\Melanoma\aug_0_8118.jpg,5,Melanoma,5,Melanoma,0.9621,True
aug_0_7000.jpg,d:\Skin Disease classification\newtrain\Dermatofibroma\aug_0_7000.jpg,3,Dermatofibroma,3,Dermatofibroma,1.0,True
aug_0_9964.jpg,d:\Skin Disease classification\newtrain\Tinea Ringworm Candidiasis\aug_0_9964.jpg,7,Tinea Ringworm Candidiasis,7,Tinea Ringworm Candidiasis,1.0,True
aug_0_2029.jpg,d:\Skin Disease classification\newtrain\Melanoma\aug_0_2029.jpg,5,Melanoma,4,Melanocytic nevus,0.9912,False
aug_0_1259.jpg,d:\Skin Disease classification\newtrain\Tinea Ringworm Candidiasis\aug_0_1259.jpg,7,Tinea Ringworm Candidiasis,7,Tinea Ringworm Candidiasis,1.0,True
aug_0_7723.jpg,d:\Skin Disease classification\newtrain\Squamous cell carcinoma\aug_0_7723.jpg,6,Squamous cell carcinoma,6,Squamous cell carcinoma,0.978,True
aug_0_2737.jpg,d:\Skin Disease classification\newtrain\Actinic keratosis\aug_0_2737.jpg,0,Actinic keratosis,0,Actinic keratosis,0.9969,True
aug_0_3809.jpg,d:\Skin Disease classification\newtrain\Melanoma\aug_0_3809.jpg,5,Melanoma,5,Melanoma,1.0,True
aug_0_8044.jpg,d:\Skin Disease classification\newtrain\Atopic Dermatitis\aug_0_8044.jpg,1,Atopic Dermatitis,1,Atopic Dermatitis,1.0,True
aug_0_3038.jpg,d:\Skin Disease classification\newtrain\Squamous cell carcinoma\aug_0_3038.jpg,6,Squamous cell carcinoma,6,Squamous cell carcinoma,0.9946,True
aug_0_2195.jpg,d:\Skin Disease classification\newtrain\Actinic keratosis\aug_0_2195.jpg,0,Actinic keratosis,0,Actinic keratosis,0.8848,True
aug_0_6502.jpg,d:\Skin Disease classification\newtrain\Dermatofibroma\aug_0_6502.jpg,3,Dermatofibroma,3,Dermatofibroma,0.9987,True
aug_0_9965.jpg,d:\Skin Disease classification\newtrain\Actinic keratosis\aug_0_9965.jpg,0,Actinic keratosis,0,Actinic keratosis,0.9521,True
aug_0_6581.jpg,d:\Skin Disease classification\newtrain\Melanocytic nevus\aug_0_6581.jpg,4,Melanocytic nevus,4,Melanocytic nevus,0.9989,True
aug_0_9070.jpg,d:\Skin Disease classification\newtrain\Actinic keratosis\aug_0_9070.jpg,0,Actinic keratosis,0,Actinic keratosis,0.999,True
aug_0_1884.jpg,d:\Skin Disease classification\newtrain\Atopic Dermatitis\aug_0_1884.jpg,1,Atopic Dermatitis,1,Atopic Dermatitis,1.0,True
aug_0_6128.jpg,d:\Skin Disease classification\newtrain\Vascular lesion\aug_0_6128.jpg,8,Vascular lesion,8,Vascular lesion,1.0,True
aug_0_542.jpg,d:\Skin Disease classification\newtrain\Squamous cell carcinoma\aug_0_542.jpg,6,Squamous cell carcinoma,6,Squamous cell carcinoma,0.5742,True
aug_0_152.jpg,d:\Skin Disease classification\newtrain\Melanocytic nevus\aug_0_152.jpg,4,Melanocytic nevus,4,Melanocytic nevus,0.9635,True
aug_0_9245.jpg,d:\Skin Disease classification\newtrain\Atopic Dermatitis\aug_0_9245.jpg,1,Atopic Dermatitis,1,Atopic Dermatitis,1.0,True
aug_0_6111.jpg,d:\Skin Disease classification\newtrain\Tinea Ringworm Candidiasis\aug_0_6111.jpg,7,Tinea Ringworm Candidiasis,7,Tinea Ringworm Candidiasis,1.0,True
aug_0_6137.jpg,d:\Skin Disease classification\newtrain\Benign keratosis\aug_0_6137.jpg,2,Benign keratosis,2,Benign keratosis,1.0,True
aug_0_8507.jpg,d:\Skin Disease classification\newtrain\Benign keratosis\aug_0_8507.jpg,2,Benign keratosis,2,Benign keratosis,1.0,True
aug_0_8945.jpg,d:\Skin Disease classification\newtrain\Melanoma\aug_0_8945.jpg,5,Melanoma,3,Dermatofibroma,0.9161,False
aug_0_2288.jpg,d:\Skin Disease classification\newtrain\Squamous cell carcinoma\aug_0_2288.jpg,6,Squamous cell carcinoma,6,Squamous cell carcinoma,0.9796,True
aug_0_887.jpg,d:\Skin Disease classification\newtrain\Benign keratosis\aug_0_887.jpg,2,Benign keratosis,2,Benign keratosis,1.0,True
aug_0_8002.jpg,d:\Skin Disease classification\newtrain\Melanoma\aug_0_8002.jpg,5,Melanoma,5,Melanoma,0.7965,True
aug_0_4728.jpg,d:\Skin Disease classification\newtrain\Melanoma\aug_0_4728.jpg,5,Melanoma,5,Melanoma,0.9995,True
aug_0_303.jpg,d:\Skin Disease classification\newtrain\Benign keratosis\aug_0_303.jpg,2,Benign keratosis,2,Benign keratosis,1.0,True
aug_0_2900.jpg,d:\Skin Disease classification\newtrain\Dermatofibroma\aug_0_2900.jpg,3,Dermatofibroma,3,Dermatofibroma,1.0,True
aug_0_4444.jpg,d:\Skin Disease classification\newtrain\Dermatofibroma\aug_0_4444.jpg,3,Dermatofibroma,3,Dermatofibroma,0.9899,True
aug_0_2873.jpg,d:\Skin Disease classification\newtrain\Dermatofibroma\aug_0_2873.jpg,3,Dermatofibroma,3,Dermatofibroma,0.9914,True
aug_0_2351.jpg,d:\Skin Disease classification\newtrain\Atopic Dermatitis\aug_0_2351.jpg,1,Atopic Dermatitis,1,Atopic Dermatitis,1.0,True
aug_0_6934.jpg,d:\Skin Disease classification\newtrain\Actinic keratosis\aug_0_6934.jpg,0,Actinic keratosis,0,Actinic keratosis,0.8497,True
aug_0_3698.jpg,d:\Skin Disease classification\newtrain\Benign keratosis\aug_0_3698.jpg,2,Benign keratosis,2,Benign keratosis,1.0,True
aug_0_6960.jpg,d:\Skin Disease classification\newtrain\Atopic Dermatitis\aug_0_6960.jpg,1,Atopic Dermatitis,1,Atopic Dermatitis,1.0,True
aug_0_9752.jpg,d:\Skin Disease classification\newtrain\Squamous cell carcinoma\aug_0_9752.jpg,6,Squamous cell carcinoma,6,Squamous cell carcinoma,0.9324,True
aug_0_6922.jpg,d:\Skin Disease classification\newtrain\Actinic keratosis\aug_0_6922.jpg,0,Actinic keratosis,6,Squamous cell carcinoma,0.5275,False
aug_0_1717.jpg,d:\Skin Disease classification\newtrain\Actinic keratosis\aug_0_1717.jpg,0,Actinic keratosis,0,Actinic keratosis,0.9433,True
aug_0_8843.jpg,d:\Skin Disease classification\newtrain\Squamous cell carcinoma\aug_0_8843.jpg,6,Squamous cell carcinoma,6,Squamous cell carcinoma,0.9443,True
aug_0_716.jpg,d:\Skin Disease classification\newtrain\Melanoma\aug_0_716.jpg,5,Melanoma,5,Melanoma,0.9882,True
aug_0_1061.jpg,d:\Skin Disease classification\newtrain\Melanocytic nevus\aug_0_1061.jpg,4,Melanocytic nevus,4,Melanocytic nevus,0.9997,True
aug_0_3738.jpg,d:\Skin Disease classification\newtrain\Tinea Ringworm Candidiasis\aug_0_3738.jpg,7,Tinea Ringworm Candidiasis,7,Tinea Ringworm Candidiasis,0.9993,True
aug_0_2680.jpg,d:\Skin Disease classification\newtrain\Vascular lesion\aug_0_2680.jpg,8,Vascular lesion,8,Vascular lesion,1.0,True
aug_0_7237.jpg,d:\Skin Disease classification\newtrain\Actinic keratosis\aug_0_7237.jpg,0,Actinic keratosis,0,Actinic keratosis,0.7791,True
aug_0_6862.jpg,d:\Skin Disease classification\newtrain\Melanocytic nevus\aug_0_6862.jpg,4,Melanocytic nevus,4,Melanocytic nevus,0.9662,True
aug_0_914.jpg,d:\Skin Disease classification\newtrain\Vascular lesion\aug_0_914.jpg,8,Vascular lesion,8,Vascular lesion,0.9999,True
aug_0_4289.jpg,d:\Skin Disease classification\newtrain\Dermatofibroma\aug_0_4289.jpg,3,Dermatofibroma,3,Dermatofibroma,1.0,True
aug_0_3096.jpg,d:\Skin Disease classification\newtrain\Melanocytic nevus\aug_0_3096.jpg,4,Melanocytic nevus,4,Melanocytic nevus,0.9825,True
aug_0_2847.jpg,d:\Skin Disease classification\newtrain\Melanoma\aug_0_2847.jpg,5,Melanoma,5,Melanoma,0.9965,True
aug_0_7720.jpg,d:\Skin Disease classification\newtrain\Tinea Ringworm Candidiasis\aug_0_7720.jpg,7,Tinea Ringworm Candidiasis,7,Tinea Ringworm Candidiasis,1.0,True
aug_0_8541.jpg,d:\Skin Disease classification\newtrain\Actinic keratosis\aug_0_8541.jpg,0,Actinic keratosis,0,Actinic keratosis,0.9983,True
aug_0_2174.jpg,d:\Skin Disease classification\newtrain\Atopic Dermatitis\aug_0_2174.jpg,1,Atopic Dermatitis,1,Atopic Dermatitis,1.0,True
aug_0_4060.jpg,d:\Skin Disease classification\newtrain\Actinic keratosis\aug_0_4060.jpg,0,Actinic keratosis,0,Actinic keratosis,1.0,True
aug_0_4257.jpg,d:\Skin Disease classification\newtrain\Benign keratosis\aug_0_4257.jpg,2,Benign keratosis,2,Benign keratosis,1.0,True
aug_0_3825.jpg,d:\Skin Disease classification\newtrain\Atopic Dermatitis\aug_0_3825.jpg,1,Atopic Dermatitis,1,Atopic Dermatitis,1.0,True
aug_0_2297.jpg,d:\Skin Disease classification\newtrain\Vascular lesion\aug_0_2297.jpg,8,Vascular lesion,8,Vascular lesion,1.0,True
aug_0_7957.jpg,d:\Skin Disease classification\newtrain\Actinic keratosis\aug_0_7957.jpg,0,Actinic keratosis,0,Actinic keratosis,0.7744,True
aug_0_8446.jpg,d:\Skin Disease classification\newtrain\Actinic keratosis\aug_0_8446.jpg,0,Actinic keratosis,0,Actinic keratosis,0.857,True
aug_0_5223.jpg,d:\Skin Disease classification\newtrain\Melanocytic nevus\aug_0_5223.jpg,4,Melanocytic nevus,4,Melanocytic nevus,1.0,True
aug_0_718.jpg,d:\Skin Disease classification\newtrain\Tinea Ringworm Candidiasis\aug_0_718.jpg,7,Tinea Ringworm Candidiasis,7,Tinea Ringworm Candidiasis,1.0,True
aug_0_8164.jpg,d:\Skin Disease classification\newtrain\Actinic keratosis\aug_0_8164.jpg,0,Actinic keratosis,0,Actinic keratosis,0.9474,True
aug_0_8083.jpg,d:\Skin Disease classification\newtrain\Squamous cell carcinoma\aug_0_8083.jpg,6,Squamous cell carcinoma,6,Squamous cell carcinoma,0.9345,True
aug_0_597.jpg,d:\Skin Disease classification\newtrain\Atopic Dermatitis\aug_0_597.jpg,1,Atopic Dermatitis,1,Atopic Dermatitis,1.0,True
aug_0_7226.jpg,d:\Skin Disease classification\newtrain\Actinic keratosis\aug_0_7226.jpg,0,Actinic keratosis,0,Actinic keratosis,0.5636,True
aug_0_6574.jpg,d:\Skin Disease classification\newtrain\Dermatofibroma\aug_0_6574.jpg,3,Dermatofibroma,3,Dermatofibroma,0.9963,True
aug_0_6336.jpg,d:\Skin Disease classification\newtrain\Benign keratosis\aug_0_6336.jpg,2,Benign keratosis,2,Benign keratosis,1.0,True
aug_0_2794.jpg,d:\Skin Disease classification\newtrain\Vascular lesion\aug_0_2794.jpg,8,Vascular lesion,8,Vascular lesion,1.0,True
aug_0_5185.jpg,d:\Skin Disease classification\newtrain\Dermatofibroma\aug_0_5185.jpg,3,Dermatofibroma,3,Dermatofibroma,0.9999,True
aug_0_7571.jpg,d:\Skin Disease classification\newtrain\Melanocytic nevus\aug_0_7571.jpg,4,Melanocytic nevus,4,Melanocytic nevus,0.9998,True
aug_0_9909.jpg,d:\Skin Disease classification\newtrain\Benign keratosis\aug_0_9909.jpg,2,Benign keratosis,2,Benign keratosis,1.0,True
aug_0_7185.jpg,d:\Skin Disease classification\newtrain\Tinea Ringworm Candidiasis\aug_0_7185.jpg,7,Tinea Ringworm Candidiasis,7,Tinea Ringworm Candidiasis,1.0,True
aug_0_4839.jpg,d:\Skin Disease classification\newtrain\Melanocytic nevus\aug_0_4839.jpg,4,Melanocytic nevus,4,Melanocytic nevus,0.9985,True
aug_0_5184.jpg,d:\Skin Disease classification\newtrain\Tinea Ringworm Candidiasis\aug_0_5184.jpg,7,Tinea Ringworm Candidiasis,7,Tinea Ringworm Candidiasis,1.0,True
aug_0_3919.jpg,d:\Skin Disease classification\newtrain\Tinea Ringworm Candidiasis\aug_0_3919.jpg,7,Tinea Ringworm Candidiasis,7,Tinea Ringworm Candidiasis,1.0,True
aug_0_4634.jpg,d:\Skin Disease classification\newtrain\Vascular lesion\aug_0_4634.jpg,8,Vascular lesion,8,Vascular lesion,1.0,True
aug_0_4525.jpg,d:\Skin Disease classification\newtrain\Tinea Ringworm Candidiasis\aug_0_4525.jpg,7,Tinea Ringworm Candidiasis,7,Tinea Ringworm Candidiasis,1.0,True
aug_0_756.jpg,d:\Skin Disease classification\newtrain\Dermatofibroma\aug_0_756.jpg,3,Dermatofibroma,3,Dermatofibroma,0.9756,True
aug_0_1378.jpg,d:\Skin Disease classification\newtrain\Tinea Ringworm Candidiasis\aug_0_1378.jpg,7,Tinea Ringworm Candidiasis,7,Tinea Ringworm Candidiasis,1.0,True
aug_0_2043.jpg,d:\Skin Disease classification\newtrain\Melanoma\aug_0_2043.jpg,5,Melanoma,5,Melanoma,1.0,True
aug_0_7135.jpg,d:\Skin Disease classification\newtrain\Actinic keratosis\aug_0_7135.jpg,0,Actinic keratosis,0,Actinic keratosis,0.8547,True
aug_0_7930.jpg,d:\Skin Disease classification\newtrain\Benign keratosis\aug_0_7930.jpg,2,Benign keratosis,2,Benign keratosis,1.0,True
aug_0_8504.jpg,d:\Skin Disease classification\newtrain\Melanoma\aug_0_8504.jpg,5,Melanoma,5,Melanoma,0.9532,True
aug_0_1076.jpg,d:\Skin Disease classification\newtrain\Benign keratosis\aug_0_1076.jpg,2,Benign keratosis,2,Benign keratosis,1.0,True
aug_0_5814.jpg,d:\Skin Disease classification\newtrain\Tinea Ringworm Candidiasis\aug_0_5814.jpg,7,Tinea Ringworm Candidiasis,7,Tinea Ringworm Candidiasis,0.9963,True
aug_0_3990.jpg,d:\Skin Disease classification\newtrain\Benign keratosis\aug_0_3990.jpg,2,Benign keratosis,2,Benign keratosis,0.9923,True
aug_0_3842.jpg,d:\Skin Disease classification\newtrain\Benign keratosis\aug_0_3842.jpg,2,Benign keratosis,2,Benign keratosis,1.0,True
aug_0_9542.jpg,d:\Skin Disease classification\newtrain\Vascular lesion\aug_0_9542.jpg,8,Vascular lesion,8,Vascular lesion,1.0,True
aug_0_1352.jpg,d:\Skin Disease classification\newtrain\Dermatofibroma\aug_0_1352.jpg,3,Dermatofibroma,3,Dermatofibroma,0.9964,True
aug_0_1722.jpg,d:\Skin Disease classification\newtrain\Melanocytic nevus\aug_0_1722.jpg,4,Melanocytic nevus,4,Melanocytic nevus,0.9999,True
aug_0_1907.jpg,d:\Skin Disease classification\newtrain\Melanocytic nevus\aug_0_1907.jpg,4,Melanocytic nevus,4,Melanocytic nevus,0.9999,True
aug_0_1114.jpg,d:\Skin Disease classification\newtrain\Atopic Dermatitis\aug_0_1114.jpg,1,Atopic Dermatitis,1,Atopic Dermatitis,1.0,True
aug_0_9467.jpg,d:\Skin Disease classification\newtrain\Melanoma\aug_0_9467.jpg,5,Melanoma,5,Melanoma,0.9714,True
aug_0_7409.jpg,d:\Skin Disease classification\newtrain\Melanocytic nevus\aug_0_7409.jpg,4,Melanocytic nevus,4,Melanocytic nevus,0.998,True
aug_0_7406.jpg,d:\Skin Disease classification\newtrain\Melanocytic nevus\aug_0_7406.jpg,4,Melanocytic nevus,4,Melanocytic nevus,0.9983,True
aug_0_7066.jpg,d:\Skin Disease classification\newtrain\Melanoma\aug_0_7066.jpg,5,Melanoma,5,Melanoma,0.9927,True
aug_0_9518.jpg,d:\Skin Disease classification\newtrain\Melanocytic nevus\aug_0_9518.jpg,4,Melanocytic nevus,4,Melanocytic nevus,0.984,True
aug_0_6726.jpg,d:\Skin Disease classification\newtrain\Benign keratosis\aug_0_6726.jpg,2,Benign keratosis,2,Benign keratosis,1.0,True
aug_0_5332.jpg,d:\Skin Disease classification\newtrain\Atopic Dermatitis\aug_0_5332.jpg,1,Atopic Dermatitis,1,Atopic Dermatitis,1.0,True
aug_0_8188.jpg,d:\Skin Disease classification\newtrain\Atopic Dermatitis\aug_0_8188.jpg,1,Atopic Dermatitis,1,Atopic Dermatitis,0.9997,True
aug_0_4054.jpg,d:\Skin Disease classification\newtrain\Actinic keratosis\aug_0_4054.jpg,0,Actinic keratosis,0,Actinic keratosis,0.9794,True
aug_0_8834.jpg,d:\Skin Disease classification\newtrain\Squamous cell carcinoma\aug_0_8834.jpg,6,Squamous cell carcinoma,6,Squamous cell carcinoma,0.874,True
aug_0_40.jpg,d:\Skin Disease classification\newtrain\Melanocytic nevus\aug_0_40.jpg,4,Melanocytic nevus,4,Melanocytic nevus,0.9988,True
aug_0_815.jpg,d:\Skin Disease classification\newtrain\Squamous cell carcinoma\aug_0_815.jpg,6,Squamous cell carcinoma,6,Squamous cell carcinoma,0.9571,True
aug_0_8859.jpg,d:\Skin Disease classification\newtrain\Atopic Dermatitis\aug_0_8859.jpg,1,Atopic Dermatitis,1,Atopic Dermatitis,1.0,True
aug_0_321.jpg,d:\Skin Disease classification\newtrain\Actinic keratosis\aug_0_321.jpg,0,Actinic keratosis,0,Actinic keratosis,0.9952,True
aug_0_9138.jpg,d:\Skin Disease classification\newtrain\Tinea Ringworm Candidiasis\aug_0_9138.jpg,7,Tinea Ringworm Candidiasis,7,Tinea Ringworm Candidiasis,1.0,True
aug_0_9559.jpg,d:\Skin Disease classification\newtrain\Squamous cell carcinoma\aug_0_9559.jpg,6,Squamous cell carcinoma,6,Squamous cell carcinoma,0.9988,True
aug_0_6227.jpg,d:\Skin Disease classification\newtrain\Squamous cell carcinoma\aug_0_6227.jpg,6,Squamous cell carcinoma,6,Squamous cell carcinoma,0.9954,True
aug_0_720.jpg,d:\Skin Disease classification\newtrain\Atopic Dermatitis\aug_0_720.jpg,1,Atopic Dermatitis,1,Atopic Dermatitis,0.9999,True
aug_0_5843.jpg,d:\Skin Disease classification\newtrain\Actinic keratosis\aug_0_5843.jpg,0,Actinic keratosis,0,Actinic keratosis,0.9881,True
aug_0_8566.jpg,d:\Skin Disease classification\newtrain\Dermatofibroma\aug_0_8566.jpg,3,Dermatofibroma,3,Dermatofibroma,1.0,True
aug_0_2504.jpg,d:\Skin Disease classification\newtrain\Vascular lesion\aug_0_2504.jpg,8,Vascular lesion,8,Vascular lesion,1.0,True
aug_0_9547.jpg,d:\Skin Disease classification\newtrain\Atopic Dermatitis\aug_0_9547.jpg,1,Atopic Dermatitis,1,Atopic Dermatitis,1.0,True
aug_0_751.jpg,d:\Skin Disease classification\newtrain\Atopic Dermatitis\aug_0_751.jpg,1,Atopic Dermatitis,1,Atopic Dermatitis,1.0,True
aug_0_6089.jpg,d:\Skin Disease classification\newtrain\Melanocytic nevus\aug_0_6089.jpg,4,Melanocytic nevus,4,Melanocytic nevus,0.9967,True
aug_0_8704.jpg,d:\Skin Disease classification\newtrain\Dermatofibroma\aug_0_8704.jpg,3,Dermatofibroma,3,Dermatofibroma,1.0,True
aug_0_2248.jpg,d:\Skin Disease classification\newtrain\Atopic Dermatitis\aug_0_2248.jpg,1,Atopic Dermatitis,1,Atopic Dermatitis,1.0,True
aug_0_5239.jpg,d:\Skin Disease classification\newtrain\Melanoma\aug_0_5239.jpg,5,Melanoma,5,Melanoma,0.9797,True
aug_0_1046.jpg,d:\Skin Disease classification\newtrain\Atopic Dermatitis\aug_0_1046.jpg,1,Atopic Dermatitis,1,Atopic Dermatitis,1.0,True
aug_0_9862.jpg,d:\Skin Disease classification\newtrain\Actinic keratosis\aug_0_9862.jpg,0,Actinic keratosis,3,Dermatofibroma,0.5618,False
aug_0_6921.jpg,d:\Skin Disease classification\newtrain\Dermatofibroma\aug_0_6921.jpg,3,Dermatofibroma,3,Dermatofibroma,0.9998,True
aug_0_3541.jpg,d:\Skin Disease classification\newtrain\Actinic keratosis\aug_0_3541.jpg,0,Actinic keratosis,0,Actinic keratosis,1.0,True
aug_0_3218.jpg,d:\Skin Disease classification\newtrain\Squamous cell carcinoma\aug_0_3218.jpg,6,Squamous cell carcinoma,6,Squamous cell carcinoma,0.9682,True
aug_0_5904.jpg,d:\Skin Disease classification\newtrain\Actinic keratosis\aug_0_5904.jpg,0,Actinic keratosis,0,Actinic keratosis,0.5942,True
aug_0_7497.jpg,d:\Skin Disease classification\newtrain\Squamous cell carcinoma\aug_0_7497.jpg,6,Squamous cell carcinoma,6,Squamous cell carcinoma,0.8276,True
aug_0_5030.jpg,d:\Skin Disease classification\newtrain\Melanoma\aug_0_5030.jpg,5,Melanoma,5,Melanoma,0.9996,True
aug_0_9702.jpg,d:\Skin Disease classification\newtrain\Dermatofibroma\aug_0_9702.jpg,3,Dermatofibroma,3,Dermatofibroma,0.9976,True
aug_0_1965.jpg,d:\Skin Disease classification\newtrain\Squamous cell carcinoma\aug_0_1965.jpg,6,Squamous cell carcinoma,6,Squamous cell carcinoma,0.8756,True
aug_0_9778.jpg,d:\Skin Disease classification\newtrain\Melanocytic nevus\aug_0_9778.jpg,4,Melanocytic nevus,4,Melanocytic nevus,0.9997,True
aug_0_270.jpg,d:\Skin Disease classification\newtrain\Vascular lesion\aug_0_270.jpg,8,Vascular lesion,8,Vascular lesion,1.0,True
aug_0_5876.jpg,d:\Skin Disease classification\newtrain\Actinic keratosis\aug_0_5876.jpg,0,Actinic keratosis,0,Actinic keratosis,0.9956,True
aug_0_1861.jpg,d:\Skin Disease classification\newtrain\Benign keratosis\aug_0_1861.jpg,2,Benign keratosis,2,Benign keratosis,0.9998,True
aug_0_824.jpg,d:\Skin Disease classification\newtrain\Actinic keratosis\aug_0_824.jpg,0,Actinic keratosis,0,Actinic keratosis,0.9994,True
aug_0_6151.jpg,d:\Skin Disease classification\newtrain\Actinic keratosis\aug_0_6151.jpg,0,Actinic keratosis,0,Actinic keratosis,0.9983,True
aug_0_7860.jpg,d:\Skin Disease classification\newtrain\Melanocytic nevus\aug_0_7860.jpg,4,Melanocytic nevus,4,Melanocytic nevus,0.9978,True
aug_0_6271.jpg,d:\Skin Disease classification\newtrain\Melanoma\aug_0_6271.jpg,5,Melanoma,5,Melanoma,0.819,True
aug_0_8016.jpg,d:\Skin Disease classification\newtrain\Melanoma\aug_0_8016.jpg,5,Melanoma,5,Melanoma,0.9778,True
aug_0_9011.jpg,d:\Skin Disease classification\newtrain\Vascular lesion\aug_0_9011.jpg,8,Vascular lesion,8,Vascular lesion,1.0,True
aug_0_9992.jpg,d:\Skin Disease classification\newtrain\Squamous cell carcinoma\aug_0_9992.jpg,6,Squamous cell carcinoma,6,Squamous cell carcinoma,0.9947,True
aug_0_1607.jpg,d:\Skin Disease classification\newtrain\Squamous cell carcinoma\aug_0_1607.jpg,6,Squamous cell carcinoma,6,Squamous cell carcinoma,0.9868,True
aug_0_615.jpg,d:\Skin Disease classification\newtrain\Atopic Dermatitis\aug_0_615.jpg,1,Atopic Dermatitis,1,Atopic Dermatitis,1.0,True
aug_0_9752.jpg,d:\Skin Disease classification\newtrain\Tinea Ringworm Candidiasis\aug_0_9752.jpg,7,Tinea Ringworm Candidiasis,7,Tinea Ringworm Candidiasis,1.0,True
aug_0_2382.jpg,d:\Skin Disease classification\newtrain\Melanocytic nevus\aug_0_2382.jpg,4,Melanocytic nevus,4,Melanocytic nevus,0.9997,True
aug_0_8685.jpg,d:\Skin Disease classification\newtrain\Tinea Ringworm Candidiasis\aug_0_8685.jpg,7,Tinea Ringworm Candidiasis,7,Tinea Ringworm Candidiasis,0.9979,True
aug_0_8926.jpg,d:\Skin Disease classification\newtrain\Vascular lesion\aug_0_8926.jpg,8,Vascular lesion,8,Vascular lesion,1.0,True
aug_0_8336.jpg,d:\Skin Disease classification\newtrain\Benign keratosis\aug_0_8336.jpg,2,Benign keratosis,2,Benign keratosis,1.0,True
aug_0_9841.jpg,d:\Skin Disease classification\newtrain\Melanoma\aug_0_9841.jpg,5,Melanoma,5,Melanoma,1.0,True
aug_0_2124.jpg,d:\Skin Disease classification\newtrain\Dermatofibroma\aug_0_2124.jpg,3,Dermatofibroma,3,Dermatofibroma,1.0,True
aug_0_3036.jpg,d:\Skin Disease classification\newtrain\Melanoma\aug_0_3036.jpg,5,Melanoma,5,Melanoma,0.8974,True
aug_0_9295.jpg,d:\Skin Disease classification\newtrain\Atopic Dermatitis\aug_0_9295.jpg,1,Atopic Dermatitis,1,Atopic Dermatitis,0.9999,True
aug_0_4841.jpg,d:\Skin Disease classification\newtrain\Benign keratosis\aug_0_4841.jpg,2,Benign keratosis,2,Benign keratosis,0.9999,True
aug_0_4663.jpg,d:\Skin Disease classification\newtrain\Squamous cell carcinoma\aug_0_4663.jpg,6,Squamous cell carcinoma,6,Squamous cell carcinoma,0.8256,True
aug_0_4628.jpg,d:\Skin Disease classification\newtrain\Benign keratosis\aug_0_4628.jpg,2,Benign keratosis,2,Benign keratosis,1.0,True
aug_0_9871.jpg,d:\Skin Disease classification\newtrain\Benign keratosis\aug_0_9871.jpg,2,Benign keratosis,2,Benign keratosis,1.0,True
aug_0_3853.jpg,d:\Skin Disease classification\newtrain\Melanocytic nevus\aug_0_3853.jpg,4,Melanocytic nevus,4,Melanocytic nevus,0.9712,True
aug_0_2913.jpg,d:\Skin Disease classification\newtrain\Squamous cell carcinoma\aug_0_2913.jpg,6,Squamous cell carcinoma,6,Squamous cell carcinoma,0.8142,True
aug_0_143.jpg,d:\Skin Disease classification\newtrain\Melanocytic nevus\aug_0_143.jpg,4,Melanocytic nevus,4,Melanocytic nevus,0.9984,True
aug_0_9951.jpg,d:\Skin Disease classification\newtrain\Benign keratosis\aug_0_9951.jpg,2,Benign keratosis,2,Benign keratosis,1.0,True
aug_0_6592.jpg,d:\Skin Disease classification\newtrain\Benign keratosis\aug_0_6592.jpg,2,Benign keratosis,2,Benign keratosis,1.0,True
aug_0_1740.jpg,d:\Skin Disease classification\newtrain\Vascular lesion\aug_0_1740.jpg,8,Vascular lesion,8,Vascular lesion,1.0,True
aug_0_8706.jpg,d:\Skin Disease classification\newtrain\Atopic Dermatitis\aug_0_8706.jpg,1,Atopic Dermatitis,1,Atopic Dermatitis,0.9999,True
aug_0_1309.jpg,d:\Skin Disease classification\newtrain\Melanoma\aug_0_1309.jpg,5,Melanoma,5,Melanoma,0.9944,True
aug_0_4024.jpg,d:\Skin Disease classification\newtrain\Tinea Ringworm Candidiasis\aug_0_4024.jpg,7,Tinea Ringworm Candidiasis,7,Tinea Ringworm Candidiasis,1.0,True
aug_0_311.jpg,d:\Skin Disease classification\newtrain\Dermatofibroma\aug_0_311.jpg,3,Dermatofibroma,3,Dermatofibroma,0.9999,True
aug_0_5677.jpg,d:\Skin Disease classification\newtrain\Actinic keratosis\aug_0_5677.jpg,0,Actinic keratosis,0,Actinic keratosis,0.9972,True
aug_0_7249.jpg,d:\Skin Disease classification\newtrain\Melanoma\aug_0_7249.jpg,5,Melanoma,5,Melanoma,0.8038,True
aug_0_8014.jpg,d:\Skin Disease classification\newtrain\Melanocytic nevus\aug_0_8014.jpg,4,Melanocytic nevus,4,Melanocytic nevus,1.0,True
aug_0_3576.jpg,d:\Skin Disease classification\newtrain\Actinic keratosis\aug_0_3576.jpg,0,Actinic keratosis,0,Actinic keratosis,0.9981,True
aug_0_7725.jpg,d:\Skin Disease classification\newtrain\Atopic Dermatitis\aug_0_7725.jpg,1,Atopic Dermatitis,1,Atopic Dermatitis,1.0,True
aug_0_1983.jpg,d:\Skin Disease classification\newtrain\Actinic keratosis\aug_0_1983.jpg,0,Actinic keratosis,0,Actinic keratosis,0.9402,True
aug_0_5945.jpg,d:\Skin Disease classification\newtrain\Atopic Dermatitis\aug_0_5945.jpg,1,Atopic Dermatitis,1,Atopic Dermatitis,1.0,True
aug_0_6738.jpg,d:\Skin Disease classification\newtrain\Atopic Dermatitis\aug_0_6738.jpg,1,Atopic Dermatitis,1,Atopic Dermatitis,1.0,True
aug_0_6716.jpg,d:\Skin Disease classification\newtrain\Atopic Dermatitis\aug_0_6716.jpg,1,Atopic Dermatitis,1,Atopic Dermatitis,1.0,True
aug_0_4724.jpg,d:\Skin Disease classification\newtrain\Dermatofibroma\aug_0_4724.jpg,3,Dermatofibroma,3,Dermatofibroma,0.9997,True
aug_0_2969.jpg,d:\Skin Disease classification\newtrain\Squamous cell carcinoma\aug_0_2969.jpg,6,Squamous cell carcinoma,6,Squamous cell carcinoma,0.9569,True
aug_0_3653.jpg,d:\Skin Disease classification\newtrain\Squamous cell carcinoma\aug_0_3653.jpg,6,Squamous cell carcinoma,6,Squamous cell carcinoma,0.6242,True
aug_0_501.jpg,d:\Skin Disease classification\newtrain\Melanoma\aug_0_501.jpg,5,Melanoma,4,Melanocytic nevus,0.6724,False
aug_0_6664.jpg,d:\Skin Disease classification\newtrain\Melanoma\aug_0_6664.jpg,5,Melanoma,4,Melanocytic nevus,0.6641,False
aug_0_4890.jpg,d:\Skin Disease classification\newtrain\Atopic Dermatitis\aug_0_4890.jpg,1,Atopic Dermatitis,1,Atopic Dermatitis,1.0,True
aug_0_2173.jpg,d:\Skin Disease classification\newtrain\Squamous cell carcinoma\aug_0_2173.jpg,6,Squamous cell carcinoma,6,Squamous cell carcinoma,0.993,True
aug_0_6982.jpg,d:\Skin Disease classification\newtrain\Actinic keratosis\aug_0_6982.jpg,0,Actinic keratosis,6,Squamous cell carcinoma,0.5425,False
aug_0_7088.jpg,d:\Skin Disease classification\newtrain\Squamous cell carcinoma\aug_0_7088.jpg,6,Squamous cell carcinoma,6,Squamous cell carcinoma,0.9333,True
aug_0_5650.jpg,d:\Skin Disease classification\newtrain\Melanocytic nevus\aug_0_5650.jpg,4,Melanocytic nevus,4,Melanocytic nevus,0.9958,True
aug_0_3876.jpg,d:\Skin Disease classification\newtrain\Atopic Dermatitis\aug_0_3876.jpg,1,Atopic Dermatitis,1,Atopic Dermatitis,1.0,True
aug_0_3394.jpg,d:\Skin Disease classification\newtrain\Squamous cell carcinoma\aug_0_3394.jpg,6,Squamous cell carcinoma,6,Squamous cell carcinoma,0.9855,True
aug_0_8890.jpg,d:\Skin Disease classification\newtrain\Actinic keratosis\aug_0_8890.jpg,0,Actinic keratosis,0,Actinic keratosis,0.9661,True
aug_0_3190.jpg,d:\Skin Disease classification\newtrain\Vascular lesion\aug_0_3190.jpg,8,Vascular lesion,8,Vascular lesion,0.9986,True
aug_0_5820.jpg,d:\Skin Disease classification\newtrain\Melanocytic nevus\aug_0_5820.jpg,4,Melanocytic nevus,4,Melanocytic nevus,0.9492,True
aug_0_8101.jpg,d:\Skin Disease classification\newtrain\Vascular lesion\aug_0_8101.jpg,8,Vascular lesion,8,Vascular lesion,1.0,True
aug_0_5679.jpg,d:\Skin Disease classification\newtrain\Actinic keratosis\aug_0_5679.jpg,0,Actinic keratosis,0,Actinic keratosis,0.985,True
aug_0_6098.jpg,d:\Skin Disease classification\newtrain\Benign keratosis\aug_0_6098.jpg,2,Benign keratosis,2,Benign keratosis,1.0,True
aug_0_1691.jpg,d:\Skin Disease classification\newtrain\Tinea Ringworm Candidiasis\aug_0_1691.jpg,7,Tinea Ringworm Candidiasis,7,Tinea Ringworm Candidiasis,1.0,True
aug_0_5925.jpg,d:\Skin Disease classification\newtrain\Dermatofibroma\aug_0_5925.jpg,3,Dermatofibroma,3,Dermatofibroma,0.9965,True
aug_0_7535.jpg,d:\Skin Disease classification\newtrain\Squamous cell carcinoma\aug_0_7535.jpg,6,Squamous cell carcinoma,6,Squamous cell carcinoma,0.9786,True
aug_0_8355.jpg,d:\Skin Disease classification\newtrain\Benign keratosis\aug_0_8355.jpg,2,Benign keratosis,2,Benign keratosis,1.0,True
aug_0_9867.jpg,d:\Skin Disease classification\newtrain\Tinea Ringworm Candidiasis\aug_0_9867.jpg,7,Tinea Ringworm Candidiasis,7,Tinea Ringworm Candidiasis,1.0,True
aug_0_5820.jpg,d:\Skin Disease classification\newtrain\Vascular lesion\aug_0_5820.jpg,8,Vascular lesion,8,Vascular lesion,1.0,True
aug_0_5598.jpg,d:\Skin Disease classification\newtrain\Tinea Ringworm Candidiasis\aug_0_5598.jpg,7,Tinea Ringworm Candidiasis,7,Tinea Ringworm Candidiasis,1.0,True
aug_0_4491.jpg,d:\Skin Disease classification\newtrain\Dermatofibroma\aug_0_4491.jpg,3,Dermatofibroma,3,Dermatofibroma,0.9996,True
aug_0_2098.jpg,d:\Skin Disease classification\newtrain\Benign keratosis\aug_0_2098.jpg,2,Benign keratosis,2,Benign keratosis,1.0,True
aug_0_9768.jpg,d:\Skin Disease classification\newtrain\Melanocytic nevus\aug_0_9768.jpg,4,Melanocytic nevus,4,Melanocytic nevus,0.9246,True
aug_0_9877.jpg,d:\Skin Disease classification\newtrain\Actinic keratosis\aug_0_9877.jpg,0,Actinic keratosis,0,Actinic keratosis,0.9961,True
aug_0_5027.jpg,d:\Skin Disease classification\newtrain\Tinea Ringworm Candidiasis\aug_0_5027.jpg,7,Tinea Ringworm Candidiasis,7,Tinea Ringworm Candidiasis,0.883,True
aug_0_8182.jpg,d:\Skin Disease classification\newtrain\Squamous cell carcinoma\aug_0_8182.jpg,6,Squamous cell carcinoma,6,Squamous cell carcinoma,0.7718,True
aug_0_5993.jpg,d:\Skin Disease classification\newtrain\Squamous cell carcinoma\aug_0_5993.jpg,6,Squamous cell carcinoma,6,Squamous cell carcinoma,0.9983,True
aug_0_6576.jpg,d:\Skin Disease classification\newtrain\Dermatofibroma\aug_0_6576.jpg,3,Dermatofibroma,3,Dermatofibroma,0.9438,True
aug_0_7018.jpg,d:\Skin Disease classification\newtrain\Dermatofibroma\aug_0_7018.jpg,3,Dermatofibroma,3,Dermatofibroma,1.0,True
aug_0_8305.jpg,d:\Skin Disease classification\newtrain\Squamous cell carcinoma\aug_0_8305.jpg,6,Squamous cell carcinoma,6,Squamous cell carcinoma,0.9981,True
aug_0_3581.jpg,d:\Skin Disease classification\newtrain\Vascular lesion\aug_0_3581.jpg,8,Vascular lesion,8,Vascular lesion,0.9991,True
aug_0_1045.jpg,d:\Skin Disease classification\newtrain\Benign keratosis\aug_0_1045.jpg,2,Benign keratosis,2,Benign keratosis,1.0,True
aug_0_4341.jpg,d:\Skin Disease classification\newtrain\Vascular lesion\aug_0_4341.jpg,8,Vascular lesion,8,Vascular lesion,0.9999,True
aug_0_4440.jpg,d:\Skin Disease classification\newtrain\Vascular lesion\aug_0_4440.jpg,8,Vascular lesion,8,Vascular lesion,1.0,True
aug_0_8296.jpg,d:\Skin Disease classification\newtrain\Melanoma\aug_0_8296.jpg,5,Melanoma,5,Melanoma,0.9941,True
aug_0_336.jpg,d:\Skin Disease classification\newtrain\Melanoma\aug_0_336.jpg,5,Melanoma,5,Melanoma,0.9885,True
aug_0_7368.jpg,d:\Skin Disease classification\newtrain\Melanocytic nevus\aug_0_7368.jpg,4,Melanocytic nevus,4,Melanocytic nevus,0.9058,True
aug_0_9097.jpg,d:\Skin Disease classification\newtrain\Squamous cell carcinoma\aug_0_9097.jpg,6,Squamous cell carcinoma,6,Squamous cell carcinoma,0.9526,True
aug_0_4041.jpg,d:\Skin Disease classification\newtrain\Squamous cell carcinoma\aug_0_4041.jpg,6,Squamous cell carcinoma,6,Squamous cell carcinoma,0.9444,True
aug_0_9991.jpg,d:\Skin Disease classification\newtrain\Vascular lesion\aug_0_9991.jpg,8,Vascular lesion,8,Vascular lesion,1.0,True
aug_0_7785.jpg,d:\Skin Disease classification\newtrain\Vascular lesion\aug_0_7785.jpg,8,Vascular lesion,8,Vascular lesion,0.9999,True
aug_0_7506.jpg,d:\Skin Disease classification\newtrain\Vascular lesion\aug_0_7506.jpg,8,Vascular lesion,8,Vascular lesion,1.0,True
aug_0_8059.jpg,d:\Skin Disease classification\newtrain\Squamous cell carcinoma\aug_0_8059.jpg,6,Squamous cell carcinoma,6,Squamous cell carcinoma,0.9866,True
aug_0_1978.jpg,d:\Skin Disease classification\newtrain\Atopic Dermatitis\aug_0_1978.jpg,1,Atopic Dermatitis,1,Atopic Dermatitis,1.0,True
aug_0_7713.jpg,d:\Skin Disease classification\newtrain\Atopic Dermatitis\aug_0_7713.jpg,1,Atopic Dermatitis,1,Atopic Dermatitis,1.0,True
aug_0_3916.jpg,d:\Skin Disease classification\newtrain\Actinic keratosis\aug_0_3916.jpg,0,Actinic keratosis,0,Actinic keratosis,0.9998,True
aug_0_972.jpg,d:\Skin Disease classification\newtrain\Melanoma\aug_0_972.jpg,5,Melanoma,5,Melanoma,0.8718,True
aug_0_8844.jpg,d:\Skin Disease classification\newtrain\Benign keratosis\aug_0_8844.jpg,2,Benign keratosis,2,Benign keratosis,1.0,True
aug_0_6119.jpg,d:\Skin Disease classification\newtrain\Melanoma\aug_0_6119.jpg,5,Melanoma,5,Melanoma,0.9748,True
aug_0_9068.jpg,d:\Skin Disease classification\newtrain\Atopic Dermatitis\aug_0_9068.jpg,1,Atopic Dermatitis,1,Atopic Dermatitis,1.0,True
aug_0_4670.jpg,d:\Skin Disease classification\newtrain\Melanocytic nevus\aug_0_4670.jpg,4,Melanocytic nevus,4,Melanocytic nevus,0.9652,True
aug_0_1792.jpg,d:\Skin Disease classification\newtrain\Benign keratosis\aug_0_1792.jpg,2,Benign keratosis,2,Benign keratosis,1.0,True
aug_0_6887.jpg,d:\Skin Disease classification\newtrain\Squamous cell carcinoma\aug_0_6887.jpg,6,Squamous cell carcinoma,3,Dermatofibroma,0.7936,False
aug_0_4619.jpg,d:\Skin Disease classification\newtrain\Vascular lesion\aug_0_4619.jpg,8,Vascular lesion,8,Vascular lesion,0.9829,True
aug_0_7995.jpg,d:\Skin Disease classification\newtrain\Dermatofibroma\aug_0_7995.jpg,3,Dermatofibroma,3,Dermatofibroma,1.0,True
aug_0_9600.jpg,d:\Skin Disease classification\newtrain\Dermatofibroma\aug_0_9600.jpg,3,Dermatofibroma,3,Dermatofibroma,0.9998,True
aug_0_9376.jpg,d:\Skin Disease classification\newtrain\Vascular lesion\aug_0_9376.jpg,8,Vascular lesion,8,Vascular lesion,1.0,True
aug_0_5604.jpg,d:\Skin Disease classification\newtrain\Squamous cell carcinoma\aug_0_5604.jpg,6,Squamous cell carcinoma,3,Dermatofibroma,0.5963,False
aug_0_9188.jpg,d:\Skin Disease classification\newtrain\Melanocytic nevus\aug_0_9188.jpg,4,Melanocytic nevus,4,Melanocytic nevus,0.999,True
aug_0_1893.jpg,d:\Skin Disease classification\newtrain\Melanocytic nevus\aug_0_1893.jpg,4,Melanocytic nevus,4,Melanocytic nevus,0.9998,True
aug_0_1100.jpg,d:\Skin Disease classification\newtrain\Melanocytic nevus\aug_0_1100.jpg,4,Melanocytic nevus,4,Melanocytic nevus,0.999,True
aug_0_8641.jpg,d:\Skin Disease classification\newtrain\Atopic Dermatitis\aug_0_8641.jpg,1,Atopic Dermatitis,1,Atopic Dermatitis,1.0,True
aug_0_2945.jpg,d:\Skin Disease classification\newtrain\Atopic Dermatitis\aug_0_2945.jpg,1,Atopic Dermatitis,1,Atopic Dermatitis,1.0,True
aug_0_7091.jpg,d:\Skin Disease classification\newtrain\Benign keratosis\aug_0_7091.jpg,2,Benign keratosis,2,Benign keratosis,1.0,True
aug_0_2944.jpg,d:\Skin Disease classification\newtrain\Melanocytic nevus\aug_0_2944.jpg,4,Melanocytic nevus,4,Melanocytic nevus,0.9999,True
aug_0_3725.jpg,d:\Skin Disease classification\newtrain\Melanocytic nevus\aug_0_3725.jpg,4,Melanocytic nevus,4,Melanocytic nevus,0.9999,True
aug_0_4144.jpg,d:\Skin Disease classification\newtrain\Benign keratosis\aug_0_4144.jpg,2,Benign keratosis,2,Benign keratosis,0.9993,True
aug_0_5158.jpg,d:\Skin Disease classification\newtrain\Squamous cell carcinoma\aug_0_5158.jpg,6,Squamous cell carcinoma,6,Squamous cell carcinoma,0.993,True
aug_0_4892.jpg,d:\Skin Disease classification\newtrain\Actinic keratosis\aug_0_4892.jpg,0,Actinic keratosis,3,Dermatofibroma,0.3917,False
aug_0_7297.jpg,d:\Skin Disease classification\newtrain\Vascular lesion\aug_0_7297.jpg,8,Vascular lesion,8,Vascular lesion,1.0,True
aug_0_6069.jpg,d:\Skin Disease classification\newtrain\Actinic keratosis\aug_0_6069.jpg,0,Actinic keratosis,0,Actinic keratosis,1.0,True
aug_0_350.jpg,d:\Skin Disease classification\newtrain\Atopic Dermatitis\aug_0_350.jpg,1,Atopic Dermatitis,1,Atopic Dermatitis,1.0,True
aug_0_8370.jpg,d:\Skin Disease classification\newtrain\Melanocytic nevus\aug_0_8370.jpg,4,Melanocytic nevus,4,Melanocytic nevus,0.9883,True
aug_0_3291.jpg,d:\Skin Disease classification\newtrain\Benign keratosis\aug_0_3291.jpg,2,Benign keratosis,2,Benign keratosis,1.0,True
aug_0_2610.jpg,d:\Skin Disease classification\newtrain\Melanoma\aug_0_2610.jpg,5,Melanoma,5,Melanoma,0.9414,True
aug_0_6170.jpg,d:\Skin Disease classification\newtrain\Vascular lesion\aug_0_6170.jpg,8,Vascular lesion,8,Vascular lesion,1.0,True
aug_0_840.jpg,d:\Skin Disease classification\newtrain\Tinea Ringworm Candidiasis\aug_0_840.jpg,7,Tinea Ringworm Candidiasis,7,Tinea Ringworm Candidiasis,1.0,True
aug_0_5858.jpg,d:\Skin Disease classification\newtrain\Melanocytic nevus\aug_0_5858.jpg,4,Melanocytic nevus,4,Melanocytic nevus,0.9931,True
aug_0_9014.jpg,d:\Skin Disease classification\newtrain\Melanocytic nevus\aug_0_9014.jpg,4,Melanocytic nevus,4,Melanocytic nevus,0.9983,True
aug_0_4817.jpg,d:\Skin Disease classification\newtrain\Melanocytic nevus\aug_0_4817.jpg,4,Melanocytic nevus,4,Melanocytic nevus,0.9987,True
aug_0_8869.jpg,d:\Skin Disease classification\newtrain\Actinic keratosis\aug_0_8869.jpg,0,Actinic keratosis,0,Actinic keratosis,0.9914,True
aug_0_3831.jpg,d:\Skin Disease classification\newtrain\Vascular lesion\aug_0_3831.jpg,8,Vascular lesion,8,Vascular lesion,0.9999,True
aug_0_9268.jpg,d:\Skin Disease classification\newtrain\Actinic keratosis\aug_0_9268.jpg,0,Actinic keratosis,3,Dermatofibroma,0.7114,False
aug_0_9709.jpg,d:\Skin Disease classification\newtrain\Squamous cell carcinoma\aug_0_9709.jpg,6,Squamous cell carcinoma,3,Dermatofibroma,0.5307,False
aug_0_9314.jpg,d:\Skin Disease classification\newtrain\Squamous cell carcinoma\aug_0_9314.jpg,6,Squamous cell carcinoma,6,Squamous cell carcinoma,0.9972,True
aug_0_8272.jpg,d:\Skin Disease classification\newtrain\Atopic Dermatitis\aug_0_8272.jpg,1,Atopic Dermatitis,1,Atopic Dermatitis,0.9992,True
aug_0_6209.jpg,d:\Skin Disease classification\newtrain\Atopic Dermatitis\aug_0_6209.jpg,1,Atopic Dermatitis,1,Atopic Dermatitis,1.0,True
aug_0_4900.jpg,d:\Skin Disease classification\newtrain\Atopic Dermatitis\aug_0_4900.jpg,1,Atopic Dermatitis,1,Atopic Dermatitis,1.0,True
aug_0_1695.jpg,d:\Skin Disease classification\newtrain\Melanoma\aug_0_1695.jpg,5,Melanoma,5,Melanoma,1.0,True
aug_0_9350.jpg,d:\Skin Disease classification\newtrain\Melanoma\aug_0_9350.jpg,5,Melanoma,5,Melanoma,0.9997,True
aug_0_3015.jpg,d:\Skin Disease classification\newtrain\Squamous cell carcinoma\aug_0_3015.jpg,6,Squamous cell carcinoma,6,Squamous cell carcinoma,0.7809,True
aug_0_1404.jpg,d:\Skin Disease classification\newtrain\Melanoma\aug_0_1404.jpg,5,Melanoma,5,Melanoma,0.9351,True
aug_0_2872.jpg,d:\Skin Disease classification\newtrain\Benign keratosis\aug_0_2872.jpg,2,Benign keratosis,2,Benign keratosis,1.0,True
aug_0_2102.jpg,d:\Skin Disease classification\newtrain\Tinea Ringworm Candidiasis\aug_0_2102.jpg,7,Tinea Ringworm Candidiasis,7,Tinea Ringworm Candidiasis,1.0,True
aug_0_4680.jpg,d:\Skin Disease classification\newtrain\Atopic Dermatitis\aug_0_4680.jpg,1,Atopic Dermatitis,1,Atopic Dermatitis,0.9998,True
aug_0_6395.jpg,d:\Skin Disease classification\newtrain\Benign keratosis\aug_0_6395.jpg,2,Benign keratosis,2,Benign keratosis,1.0,True
aug_0_4833.jpg,d:\Skin Disease classification\newtrain\Atopic Dermatitis\aug_0_4833.jpg,1,Atopic Dermatitis,1,Atopic Dermatitis,1.0,True
aug_0_6103.jpg,d:\Skin Disease classification\newtrain\Melanoma\aug_0_6103.jpg,5,Melanoma,5,Melanoma,1.0,True
aug_0_2300.jpg,d:\Skin Disease classification\newtrain\Squamous cell carcinoma\aug_0_2300.jpg,6,Squamous cell carcinoma,6,Squamous cell carcinoma,0.9337,True
aug_0_4095.jpg,d:\Skin Disease classification\newtrain\Actinic keratosis\aug_0_4095.jpg,0,Actinic keratosis,0,Actinic keratosis,0.9966,True
aug_0_8996.jpg,d:\Skin Disease classification\newtrain\Atopic Dermatitis\aug_0_8996.jpg,1,Atopic Dermatitis,1,Atopic Dermatitis,1.0,True
aug_0_7037.jpg,d:\Skin Disease classification\newtrain\Melanocytic nevus\aug_0_7037.jpg,4,Melanocytic nevus,4,Melanocytic nevus,0.991,True
aug_0_5634.jpg,d:\Skin Disease classification\newtrain\Benign keratosis\aug_0_5634.jpg,2,Benign keratosis,2,Benign keratosis,1.0,True
aug_0_2245.jpg,d:\Skin Disease classification\newtrain\Squamous cell carcinoma\aug_0_2245.jpg,6,Squamous cell carcinoma,6,Squamous cell carcinoma,0.8265,True
aug_0_8979.jpg,d:\Skin Disease classification\newtrain\Benign keratosis\aug_0_8979.jpg,2,Benign keratosis,2,Benign keratosis,1.0,True
aug_0_1194.jpg,d:\Skin Disease classification\newtrain\Atopic Dermatitis\aug_0_1194.jpg,1,Atopic Dermatitis,1,Atopic Dermatitis,1.0,True
aug_0_8934.jpg,d:\Skin Disease classification\newtrain\Melanocytic nevus\aug_0_8934.jpg,4,Melanocytic nevus,4,Melanocytic nevus,0.989,True
aug_0_5411.jpg,d:\Skin Disease classification\newtrain\Squamous cell carcinoma\aug_0_5411.jpg,6,Squamous cell carcinoma,6,Squamous cell carcinoma,0.613,True
aug_0_1579.jpg,d:\Skin Disease classification\newtrain\Melanoma\aug_0_1579.jpg,5,Melanoma,5,Melanoma,0.9193,True
aug_0_1067.jpg,d:\Skin Disease classification\newtrain\Vascular lesion\aug_0_1067.jpg,8,Vascular lesion,8,Vascular lesion,1.0,True
aug_0_8239.jpg,d:\Skin Disease classification\newtrain\Vascular lesion\aug_0_8239.jpg,8,Vascular lesion,8,Vascular lesion,0.9996,True
aug_0_4373.jpg,d:\Skin Disease classification\newtrain\Benign keratosis\aug_0_4373.jpg,2,Benign keratosis,2,Benign keratosis,1.0,True
aug_0_1847.jpg,d:\Skin Disease classification\newtrain\Squamous cell carcinoma\aug_0_1847.jpg,6,Squamous cell carcinoma,6,Squamous cell carcinoma,0.9247,True
aug_0_5101.jpg,d:\Skin Disease classification\newtrain\Melanocytic nevus\aug_0_5101.jpg,4,Melanocytic nevus,4,Melanocytic nevus,0.8233,True
aug_0_3969.jpg,d:\Skin Disease classification\newtrain\Dermatofibroma\aug_0_3969.jpg,3,Dermatofibroma,3,Dermatofibroma,1.0,True
aug_0_9677.jpg,d:\Skin Disease classification\newtrain\Melanocytic nevus\aug_0_9677.jpg,4,Melanocytic nevus,4,Melanocytic nevus,0.9978,True
aug_0_782.jpg,d:\Skin Disease classification\newtrain\Squamous cell carcinoma\aug_0_782.jpg,6,Squamous cell carcinoma,6,Squamous cell carcinoma,0.9326,True
aug_0_3485.jpg,d:\Skin Disease classification\newtrain\Melanoma\aug_0_3485.jpg,5,Melanoma,5,Melanoma,0.5351,True
aug_0_4137.jpg,d:\Skin Disease classification\newtrain\Melanoma\aug_0_4137.jpg,5,Melanoma,5,Melanoma,0.9991,True
aug_0_5667.jpg,d:\Skin Disease classification\newtrain\Dermatofibroma\aug_0_5667.jpg,3,Dermatofibroma,3,Dermatofibroma,0.8345,True
aug_0_2124.jpg,d:\Skin Disease classification\newtrain\Vascular lesion\aug_0_2124.jpg,8,Vascular lesion,8,Vascular lesion,1.0,True
aug_0_2426.jpg,d:\Skin Disease classification\newtrain\Squamous cell carcinoma\aug_0_2426.jpg,6,Squamous cell carcinoma,6,Squamous cell carcinoma,0.8357,True
aug_0_2391.jpg,d:\Skin Disease classification\newtrain\Squamous cell carcinoma\aug_0_2391.jpg,6,Squamous cell carcinoma,6,Squamous cell carcinoma,0.9904,True
aug_0_3334.jpg,d:\Skin Disease classification\newtrain\Melanocytic nevus\aug_0_3334.jpg,4,Melanocytic nevus,4,Melanocytic nevus,1.0,True
aug_0_1439.jpg,d:\Skin Disease classification\newtrain\Atopic Dermatitis\aug_0_1439.jpg,1,Atopic Dermatitis,1,Atopic Dermatitis,1.0,True
aug_0_1516.jpg,d:\Skin Disease classification\newtrain\Atopic Dermatitis\aug_0_1516.jpg,1,Atopic Dermatitis,1,Atopic Dermatitis,1.0,True
aug_0_8275.jpg,d:\Skin Disease classification\newtrain\Atopic Dermatitis\aug_0_8275.jpg,1,Atopic Dermatitis,1,Atopic Dermatitis,1.0,True
aug_0_2443.jpg,d:\Skin Disease classification\newtrain\Actinic keratosis\aug_0_2443.jpg,0,Actinic keratosis,0,Actinic keratosis,0.9981,True
aug_0_4596.jpg,d:\Skin Disease classification\newtrain\Tinea Ringworm Candidiasis\aug_0_4596.jpg,7,Tinea Ringworm Candidiasis,7,Tinea Ringworm Candidiasis,1.0,True
aug_0_2021.jpg,d:\Skin Disease classification\newtrain\Vascular lesion\aug_0_2021.jpg,8,Vascular lesion,8,Vascular lesion,1.0,True
aug_0_783.jpg,d:\Skin Disease classification\newtrain\Melanocytic nevus\aug_0_783.jpg,4,Melanocytic nevus,4,Melanocytic nevus,1.0,True
aug_0_1123.jpg,d:\Skin Disease classification\newtrain\Squamous cell carcinoma\aug_0_1123.jpg,6,Squamous cell carcinoma,6,Squamous cell carcinoma,0.843,True
aug_0_3394.jpg,d:\Skin Disease classification\newtrain\Vascular lesion\aug_0_3394.jpg,8,Vascular lesion,8,Vascular lesion,0.9985,True
aug_0_3461.jpg,d:\Skin Disease classification\newtrain\Atopic Dermatitis\aug_0_3461.jpg,1,Atopic Dermatitis,1,Atopic Dermatitis,0.9997,True
aug_0_5126.jpg,d:\Skin Disease classification\newtrain\Benign keratosis\aug_0_5126.jpg,2,Benign keratosis,2,Benign keratosis,1.0,True
aug_0_6356.jpg,d:\Skin Disease classification\newtrain\Squamous cell carcinoma\aug_0_6356.jpg,6,Squamous cell carcinoma,6,Squamous cell carcinoma,0.9983,True
aug_0_6651.jpg,d:\Skin Disease classification\newtrain\Benign keratosis\aug_0_6651.jpg,2,Benign keratosis,2,Benign keratosis,1.0,True
aug_0_2116.jpg,d:\Skin Disease classification\newtrain\Vascular lesion\aug_0_2116.jpg,8,Vascular lesion,8,Vascular lesion,1.0,True
aug_0_8500.jpg,d:\Skin Disease classification\newtrain\Actinic keratosis\aug_0_8500.jpg,0,Actinic keratosis,0,Actinic keratosis,0.9602,True
aug_0_4429.jpg,d:\Skin Disease classification\newtrain\Actinic keratosis\aug_0_4429.jpg,0,Actinic keratosis,0,Actinic keratosis,0.9342,True
aug_0_323.jpg,d:\Skin Disease classification\newtrain\Melanocytic nevus\aug_0_323.jpg,4,Melanocytic nevus,6,Squamous cell carcinoma,0.5114,False
aug_0_8413.jpg,d:\Skin Disease classification\newtrain\Vascular lesion\aug_0_8413.jpg,8,Vascular lesion,8,Vascular lesion,1.0,True
aug_0_8886.jpg,d:\Skin Disease classification\newtrain\Tinea Ringworm Candidiasis\aug_0_8886.jpg,7,Tinea Ringworm Candidiasis,7,Tinea Ringworm Candidiasis,1.0,True
aug_0_6464.jpg,d:\Skin Disease classification\newtrain\Squamous cell carcinoma\aug_0_6464.jpg,6,Squamous cell carcinoma,6,Squamous cell carcinoma,0.851,True
aug_0_2548.jpg,d:\Skin Disease classification\newtrain\Actinic keratosis\aug_0_2548.jpg,0,Actinic keratosis,0,Actinic keratosis,0.9812,True
aug_0_1332.jpg,d:\Skin Disease classification\newtrain\Actinic keratosis\aug_0_1332.jpg,0,Actinic keratosis,3,Dermatofibroma,0.4818,False
aug_0_1165.jpg,d:\Skin Disease classification\newtrain\Squamous cell carcinoma\aug_0_1165.jpg,6,Squamous cell carcinoma,6,Squamous cell carcinoma,0.9972,True
aug_0_203.jpg,d:\Skin Disease classification\newtrain\Dermatofibroma\aug_0_203.jpg,3,Dermatofibroma,3,Dermatofibroma,0.9998,True
aug_0_1285.jpg,d:\Skin Disease classification\newtrain\Vascular lesion\aug_0_1285.jpg,8,Vascular lesion,8,Vascular lesion,1.0,True
aug_0_4495.jpg,d:\Skin Disease classification\newtrain\Actinic keratosis\aug_0_4495.jpg,0,Actinic keratosis,0,Actinic keratosis,0.8347,True
aug_0_3071.jpg,d:\Skin Disease classification\newtrain\Vascular lesion\aug_0_3071.jpg,8,Vascular lesion,8,Vascular lesion,0.9989,True
aug_0_9037.jpg,d:\Skin Disease classification\newtrain\Squamous cell carcinoma\aug_0_9037.jpg,6,Squamous cell carcinoma,6,Squamous cell carcinoma,0.9818,True
aug_0_8088.jpg,d:\Skin Disease classification\newtrain\Dermatofibroma\aug_0_8088.jpg,3,Dermatofibroma,3,Dermatofibroma,0.9996,True
aug_0_592.jpg,d:\Skin Disease classification\newtrain\Melanoma\aug_0_592.jpg,5,Melanoma,5,Melanoma,0.5293,True
aug_0_9428.jpg,d:\Skin Disease classification\newtrain\Squamous cell carcinoma\aug_0_9428.jpg,6,Squamous cell carcinoma,6,Squamous cell carcinoma,0.9706,True
aug_0_7906.jpg,d:\Skin Disease classification\newtrain\Melanoma\aug_0_7906.jpg,5,Melanoma,5,Melanoma,0.9988,True
aug_0_7123.jpg,d:\Skin Disease classification\newtrain\Atopic Dermatitis\aug_0_7123.jpg,1,Atopic Dermatitis,1,Atopic Dermatitis,1.0,True
aug_0_6764.jpg,d:\Skin Disease classification\newtrain\Actinic keratosis\aug_0_6764.jpg,0,Actinic keratosis,0,Actinic keratosis,0.8222,True
aug_0_541.jpg,d:\Skin Disease classification\newtrain\Benign keratosis\aug_0_541.jpg,2,Benign keratosis,2,Benign keratosis,1.0,True
aug_0_9789.jpg,d:\Skin Disease classification\newtrain\Vascular lesion\aug_0_9789.jpg,8,Vascular lesion,8,Vascular lesion,1.0,True
aug_0_5141.jpg,d:\Skin Disease classification\newtrain\Atopic Dermatitis\aug_0_5141.jpg,1,Atopic Dermatitis,1,Atopic Dermatitis,1.0,True
aug_0_5873.jpg,d:\Skin Disease classification\newtrain\Dermatofibroma\aug_0_5873.jpg,3,Dermatofibroma,3,Dermatofibroma,0.9999,True
aug_0_938.jpg,d:\Skin Disease classification\newtrain\Squamous cell carcinoma\aug_0_938.jpg,6,Squamous cell carcinoma,6,Squamous cell carcinoma,0.9996,True
aug_0_3724.jpg,d:\Skin Disease classification\newtrain\Vascular lesion\aug_0_3724.jpg,8,Vascular lesion,8,Vascular lesion,1.0,True
aug_0_713.jpg,d:\Skin Disease classification\newtrain\Melanocytic nevus\aug_0_713.jpg,4,Melanocytic nevus,4,Melanocytic nevus,0.9998,True
aug_0_693.jpg,d:\Skin Disease classification\newtrain\Dermatofibroma\aug_0_693.jpg,3,Dermatofibroma,3,Dermatofibroma,0.9998,True
aug_0_9177.jpg,d:\Skin Disease classification\newtrain\Melanoma\aug_0_9177.jpg,5,Melanoma,5,Melanoma,1.0,True
aug_0_5693.jpg,d:\Skin Disease classification\newtrain\Melanoma\aug_0_5693.jpg,5,Melanoma,5,Melanoma,1.0,True
aug_0_3619.jpg,d:\Skin Disease classification\newtrain\Melanocytic nevus\aug_0_3619.jpg,4,Melanocytic nevus,4,Melanocytic nevus,0.9999,True
aug_0_3764.jpg,d:\Skin Disease classification\newtrain\Actinic keratosis\aug_0_3764.jpg,0,Actinic keratosis,0,Actinic keratosis,0.843,True
aug_0_9770.jpg,d:\Skin Disease classification\newtrain\Squamous cell carcinoma\aug_0_9770.jpg,6,Squamous cell carcinoma,6,Squamous cell carcinoma,0.9048,True
aug_0_7364.jpg,d:\Skin Disease classification\newtrain\Melanocytic nevus\aug_0_7364.jpg,4,Melanocytic nevus,4,Melanocytic nevus,0.9846,True
aug_0_6909.jpg,d:\Skin Disease classification\newtrain\Dermatofibroma\aug_0_6909.jpg,3,Dermatofibroma,3,Dermatofibroma,1.0,True
aug_0_2655.jpg,d:\Skin Disease classification\newtrain\Benign keratosis\aug_0_2655.jpg,2,Benign keratosis,2,Benign keratosis,1.0,True
aug_0_5746.jpg,d:\Skin Disease classification\newtrain\Squamous cell carcinoma\aug_0_5746.jpg,6,Squamous cell carcinoma,6,Squamous cell carcinoma,0.9244,True
aug_0_7598.jpg,d:\Skin Disease classification\newtrain\Squamous cell carcinoma\aug_0_7598.jpg,6,Squamous cell carcinoma,6,Squamous cell carcinoma,0.4892,True
aug_0_586.jpg,d:\Skin Disease classification\newtrain\Benign keratosis\aug_0_586.jpg,2,Benign keratosis,2,Benign keratosis,1.0,True
aug_0_2866.jpg,d:\Skin Disease classification\newtrain\Vascular lesion\aug_0_2866.jpg,8,Vascular lesion,8,Vascular lesion,1.0,True
aug_0_7929.jpg,d:\Skin Disease classification\newtrain\Melanocytic nevus\aug_0_7929.jpg,4,Melanocytic nevus,4,Melanocytic nevus,0.9999,True
aug_0_7845.jpg,d:\Skin Disease classification\newtrain\Tinea Ringworm Candidiasis\aug_0_7845.jpg,7,Tinea Ringworm Candidiasis,7,Tinea Ringworm Candidiasis,1.0,True
aug_0_1315.jpg,d:\Skin Disease classification\newtrain\Tinea Ringworm Candidiasis\aug_0_1315.jpg,7,Tinea Ringworm Candidiasis,7,Tinea Ringworm Candidiasis,1.0,True
aug_0_8536.jpg,d:\Skin Disease classification\newtrain\Benign keratosis\aug_0_8536.jpg,2,Benign keratosis,2,Benign keratosis,1.0,True
aug_0_6646.jpg,d:\Skin Disease classification\newtrain\Atopic Dermatitis\aug_0_6646.jpg,1,Atopic Dermatitis,1,Atopic Dermatitis,1.0,True
aug_0_3714.jpg,d:\Skin Disease classification\newtrain\Vascular lesion\aug_0_3714.jpg,8,Vascular lesion,8,Vascular lesion,0.9824,True
aug_0_1302.jpg,d:\Skin Disease classification\newtrain\Melanoma\aug_0_1302.jpg,5,Melanoma,5,Melanoma,0.9678,True
aug_0_1491.jpg,d:\Skin Disease classification\newtrain\Dermatofibroma\aug_0_1491.jpg,3,Dermatofibroma,3,Dermatofibroma,1.0,True
aug_0_610.jpg,d:\Skin Disease classification\newtrain\Vascular lesion\aug_0_610.jpg,8,Vascular lesion,8,Vascular lesion,1.0,True
aug_0_2465.jpg,d:\Skin Disease classification\newtrain\Dermatofibroma\aug_0_2465.jpg,3,Dermatofibroma,3,Dermatofibroma,0.9987,True
aug_0_3910.jpg,d:\Skin Disease classification\newtrain\Benign keratosis\aug_0_3910.jpg,2,Benign keratosis,2,Benign keratosis,1.0,True
aug_0_9014.jpg,d:\Skin Disease classification\newtrain\Atopic Dermatitis\aug_0_9014.jpg,1,Atopic Dermatitis,1,Atopic Dermatitis,1.0,True
aug_0_369.jpg,d:\Skin Disease classification\newtrain\Atopic Dermatitis\aug_0_369.jpg,1,Atopic Dermatitis,1,Atopic Dermatitis,1.0,True
aug_0_3453.jpg,d:\Skin Disease classification\newtrain\Melanoma\aug_0_3453.jpg,5,Melanoma,5,Melanoma,1.0,True
aug_0_6200.jpg,d:\Skin Disease classification\newtrain\Squamous cell carcinoma\aug_0_6200.jpg,6,Squamous cell carcinoma,6,Squamous cell carcinoma,0.9977,True
aug_0_9863.jpg,d:\Skin Disease classification\newtrain\Actinic keratosis\aug_0_9863.jpg,0,Actinic keratosis,0,Actinic keratosis,0.8912,True
aug_0_6900.jpg,d:\Skin Disease classification\newtrain\Tinea Ringworm Candidiasis\aug_0_6900.jpg,7,Tinea Ringworm Candidiasis,7,Tinea Ringworm Candidiasis,1.0,True
aug_0_4289.jpg,d:\Skin Disease classification\newtrain\Actinic keratosis\aug_0_4289.jpg,0,Actinic keratosis,0,Actinic keratosis,1.0,True
aug_0_3496.jpg,d:\Skin Disease classification\newtrain\Melanoma\aug_0_3496.jpg,5,Melanoma,5,Melanoma,0.8866,True
aug_0_4465.jpg,d:\Skin Disease classification\newtrain\Melanoma\aug_0_4465.jpg,5,Melanoma,5,Melanoma,0.9922,True
aug_0_9487.jpg,d:\Skin Disease classification\newtrain\Vascular lesion\aug_0_9487.jpg,8,Vascular lesion,8,Vascular lesion,1.0,True
aug_0_1273.jpg,d:\Skin Disease classification\newtrain\Squamous cell carcinoma\aug_0_1273.jpg,6,Squamous cell carcinoma,0,Actinic keratosis,0.5743,False
aug_0_5138.jpg,d:\Skin Disease classification\newtrain\Melanoma\aug_0_5138.jpg,5,Melanoma,5,Melanoma,0.9963,True
aug_0_2656.jpg,d:\Skin Disease classification\newtrain\Dermatofibroma\aug_0_2656.jpg,3,Dermatofibroma,3,Dermatofibroma,1.0,True
aug_0_5710.jpg,d:\Skin Disease classification\newtrain\Melanocytic nevus\aug_0_5710.jpg,4,Melanocytic nevus,4,Melanocytic nevus,0.9037,True
aug_0_8205.jpg,d:\Skin Disease classification\newtrain\Melanoma\aug_0_8205.jpg,5,Melanoma,5,Melanoma,0.9908,True
aug_0_3900.jpg,d:\Skin Disease classification\newtrain\Squamous cell carcinoma\aug_0_3900.jpg,6,Squamous cell carcinoma,6,Squamous cell carcinoma,0.9879,True
aug_0_8431.jpg,d:\Skin Disease classification\newtrain\Benign keratosis\aug_0_8431.jpg,2,Benign keratosis,2,Benign keratosis,1.0,True
aug_0_7832.jpg,d:\Skin Disease classification\newtrain\Dermatofibroma\aug_0_7832.jpg,3,Dermatofibroma,3,Dermatofibroma,0.998,True
aug_0_4434.jpg,d:\Skin Disease classification\newtrain\Vascular lesion\aug_0_4434.jpg,8,Vascular lesion,8,Vascular lesion,0.9681,True
aug_0_1276.jpg,d:\Skin Disease classification\newtrain\Dermatofibroma\aug_0_1276.jpg,3,Dermatofibroma,8,Vascular lesion,0.615,False
aug_0_1934.jpg,d:\Skin Disease classification\newtrain\Melanoma\aug_0_1934.jpg,5,Melanoma,5,Melanoma,0.9999,True
aug_0_674.jpg,d:\Skin Disease classification\newtrain\Melanoma\aug_0_674.jpg,5,Melanoma,5,Melanoma,0.9999,True
aug_0_4044.jpg,d:\Skin Disease classification\newtrain\Atopic Dermatitis\aug_0_4044.jpg,1,Atopic Dermatitis,1,Atopic Dermatitis,1.0,True
aug_0_8332.jpg,d:\Skin Disease classification\newtrain\Squamous cell carcinoma\aug_0_8332.jpg,6,Squamous cell carcinoma,6,Squamous cell carcinoma,0.9949,True
aug_0_1640.jpg,d:\Skin Disease classification\newtrain\Squamous cell carcinoma\aug_0_1640.jpg,6,Squamous cell carcinoma,6,Squamous cell carcinoma,0.871,True
aug_0_9039.jpg,d:\Skin Disease classification\newtrain\Dermatofibroma\aug_0_9039.jpg,3,Dermatofibroma,3,Dermatofibroma,0.7188,True
aug_0_789.jpg,d:\Skin Disease classification\newtrain\Squamous cell carcinoma\aug_0_789.jpg,6,Squamous cell carcinoma,6,Squamous cell carcinoma,0.9879,True
aug_0_9413.jpg,d:\Skin Disease classification\newtrain\Melanoma\aug_0_9413.jpg,5,Melanoma,5,Melanoma,0.9967,True
aug_0_3213.jpg,d:\Skin Disease classification\newtrain\Melanocytic nevus\aug_0_3213.jpg,4,Melanocytic nevus,4,Melanocytic nevus,0.9959,True
aug_0_5352.jpg,d:\Skin Disease classification\newtrain\Melanoma\aug_0_5352.jpg,5,Melanoma,5,Melanoma,0.9761,True
aug_0_5914.jpg,d:\Skin Disease classification\newtrain\Melanocytic nevus\aug_0_5914.jpg,4,Melanocytic nevus,4,Melanocytic nevus,1.0,True
aug_0_4422.jpg,d:\Skin Disease classification\newtrain\Melanoma\aug_0_4422.jpg,5,Melanoma,5,Melanoma,0.985,True
aug_0_2410.jpg,d:\Skin Disease classification\newtrain\Actinic keratosis\aug_0_2410.jpg,0,Actinic keratosis,0,Actinic keratosis,0.5388,True
aug_0_6182.jpg,d:\Skin Disease classification\newtrain\Squamous cell carcinoma\aug_0_6182.jpg,6,Squamous cell carcinoma,6,Squamous cell carcinoma,0.9827,True
aug_0_924.jpg,d:\Skin Disease classification\newtrain\Actinic keratosis\aug_0_924.jpg,0,Actinic keratosis,0,Actinic keratosis,0.9996,True
aug_0_7554.jpg,d:\Skin Disease classification\newtrain\Tinea Ringworm Candidiasis\aug_0_7554.jpg,7,Tinea Ringworm Candidiasis,7,Tinea Ringworm Candidiasis,1.0,True
aug_0_2857.jpg,d:\Skin Disease classification\newtrain\Squamous cell carcinoma\aug_0_2857.jpg,6,Squamous cell carcinoma,6,Squamous cell carcinoma,0.7807,True
aug_0_9908.jpg,d:\Skin Disease classification\newtrain\Dermatofibroma\aug_0_9908.jpg,3,Dermatofibroma,3,Dermatofibroma,1.0,True
aug_0_8025.jpg,d:\Skin Disease classification\newtrain\Tinea Ringworm Candidiasis\aug_0_8025.jpg,7,Tinea Ringworm Candidiasis,7,Tinea Ringworm Candidiasis,1.0,True
aug_0_3705.jpg,d:\Skin Disease classification\newtrain\Vascular lesion\aug_0_3705.jpg,8,Vascular lesion,8,Vascular lesion,1.0,True
aug_0_703.jpg,d:\Skin Disease classification\newtrain\Squamous cell carcinoma\aug_0_703.jpg,6,Squamous cell carcinoma,6,Squamous cell carcinoma,0.8539,True
aug_0_3160.jpg,d:\Skin Disease classification\newtrain\Tinea Ringworm Candidiasis\aug_0_3160.jpg,7,Tinea Ringworm Candidiasis,7,Tinea Ringworm Candidiasis,0.9983,True
aug_0_9526.jpg,d:\Skin Disease classification\newtrain\Tinea Ringworm Candidiasis\aug_0_9526.jpg,7,Tinea Ringworm Candidiasis,7,Tinea Ringworm Candidiasis,1.0,True
aug_0_4211.jpg,d:\Skin Disease classification\newtrain\Squamous cell carcinoma\aug_0_4211.jpg,6,Squamous cell carcinoma,6,Squamous cell carcinoma,0.952,True
aug_0_655.jpg,d:\Skin Disease classification\newtrain\Vascular lesion\aug_0_655.jpg,8,Vascular lesion,8,Vascular lesion,0.9997,True
aug_0_5949.jpg,d:\Skin Disease classification\newtrain\Benign keratosis\aug_0_5949.jpg,2,Benign keratosis,2,Benign keratosis,1.0,True
aug_0_3428.jpg,d:\Skin Disease classification\newtrain\Squamous cell carcinoma\aug_0_3428.jpg,6,Squamous cell carcinoma,6,Squamous cell carcinoma,0.9612,True
aug_0_4005.jpg,d:\Skin Disease classification\newtrain\Benign keratosis\aug_0_4005.jpg,2,Benign keratosis,2,Benign keratosis,1.0,True
aug_0_2010.jpg,d:\Skin Disease classification\newtrain\Dermatofibroma\aug_0_2010.jpg,3,Dermatofibroma,3,Dermatofibroma,0.9999,True
aug_0_495.jpg,d:\Skin Disease classification\newtrain\Benign keratosis\aug_0_495.jpg,2,Benign keratosis,2,Benign keratosis,0.9995,True
aug_0_9616.jpg,d:\Skin Disease classification\newtrain\Actinic keratosis\aug_0_9616.jpg,0,Actinic keratosis,0,Actinic keratosis,0.9953,True
aug_0_3036.jpg,d:\Skin Disease classification\newtrain\Melanocytic nevus\aug_0_3036.jpg,4,Melanocytic nevus,4,Melanocytic nevus,0.9978,True
aug_0_4996.jpg,d:\Skin Disease classification\newtrain\Melanoma\aug_0_4996.jpg,5,Melanoma,5,Melanoma,0.9999,True
aug_0_2227.jpg,d:\Skin Disease classification\newtrain\Benign keratosis\aug_0_2227.jpg,2,Benign keratosis,2,Benign keratosis,1.0,True
aug_0_2108.jpg,d:\Skin Disease classification\newtrain\Vascular lesion\aug_0_2108.jpg,8,Vascular lesion,8,Vascular lesion,0.9991,True
aug_0_6735.jpg,d:\Skin Disease classification\newtrain\Atopic Dermatitis\aug_0_6735.jpg,1,Atopic Dermatitis,1,Atopic Dermatitis,1.0,True
aug_0_5668.jpg,d:\Skin Disease classification\newtrain\Melanocytic nevus\aug_0_5668.jpg,4,Melanocytic nevus,4,Melanocytic nevus,0.9997,True
aug_0_4979.jpg,d:\Skin Disease classification\newtrain\Squamous cell carcinoma\aug_0_4979.jpg,6,Squamous cell carcinoma,6,Squamous cell carcinoma,0.861,True
aug_0_1831.jpg,d:\Skin Disease classification\newtrain\Melanocytic nevus\aug_0_1831.jpg,4,Melanocytic nevus,4,Melanocytic nevus,0.9596,True
aug_0_5212.jpg,d:\Skin Disease classification\newtrain\Melanoma\aug_0_5212.jpg,5,Melanoma,5,Melanoma,1.0,True
aug_0_238.jpg,d:\Skin Disease classification\newtrain\Vascular lesion\aug_0_238.jpg,8,Vascular lesion,8,Vascular lesion,0.9999,True
aug_0_953.jpg,d:\Skin Disease classification\newtrain\Vascular lesion\aug_0_953.jpg,8,Vascular lesion,8,Vascular lesion,1.0,True
aug_0_8570.jpg,d:\Skin Disease classification\newtrain\Melanoma\aug_0_8570.jpg,5,Melanoma,5,Melanoma,0.8671,True
aug_0_3068.jpg,d:\Skin Disease classification\newtrain\Melanoma\aug_0_3068.jpg,5,Melanoma,5,Melanoma,0.9713,True
aug_0_2700.jpg,d:\Skin Disease classification\newtrain\Vascular lesion\aug_0_2700.jpg,8,Vascular lesion,8,Vascular lesion,1.0,True
aug_0_2276.jpg,d:\Skin Disease classification\newtrain\Melanoma\aug_0_2276.jpg,5,Melanoma,5,Melanoma,0.9999,True
aug_0_6724.jpg,d:\Skin Disease classification\newtrain\Atopic Dermatitis\aug_0_6724.jpg,1,Atopic Dermatitis,1,Atopic Dermatitis,0.9992,True
aug_0_6433.jpg,d:\Skin Disease classification\newtrain\Squamous cell carcinoma\aug_0_6433.jpg,6,Squamous cell carcinoma,6,Squamous cell carcinoma,0.9724,True
aug_0_1355.jpg,d:\Skin Disease classification\newtrain\Benign keratosis\aug_0_1355.jpg,2,Benign keratosis,2,Benign keratosis,1.0,True
aug_0_3446.jpg,d:\Skin Disease classification\newtrain\Melanoma\aug_0_3446.jpg,5,Melanoma,5,Melanoma,0.6735,True
aug_0_5424.jpg,d:\Skin Disease classification\newtrain\Melanocytic nevus\aug_0_5424.jpg,4,Melanocytic nevus,4,Melanocytic nevus,0.9968,True
aug_0_5507.jpg,d:\Skin Disease classification\newtrain\Squamous cell carcinoma\aug_0_5507.jpg,6,Squamous cell carcinoma,6,Squamous cell carcinoma,0.9963,True
aug_0_9193.jpg,d:\Skin Disease classification\newtrain\Melanoma\aug_0_9193.jpg,5,Melanoma,5,Melanoma,0.5737,True
aug_0_9103.jpg,d:\Skin Disease classification\newtrain\Atopic Dermatitis\aug_0_9103.jpg,1,Atopic Dermatitis,1,Atopic Dermatitis,1.0,True
aug_0_1405.jpg,d:\Skin Disease classification\newtrain\Atopic Dermatitis\aug_0_1405.jpg,1,Atopic Dermatitis,1,Atopic Dermatitis,1.0,True
aug_0_9255.jpg,d:\Skin Disease classification\newtrain\Squamous cell carcinoma\aug_0_9255.jpg,6,Squamous cell carcinoma,6,Squamous cell carcinoma,0.9286,True
aug_0_9553.jpg,d:\Skin Disease classification\newtrain\Actinic keratosis\aug_0_9553.jpg,0,Actinic keratosis,0,Actinic keratosis,0.9294,True
aug_0_9296.jpg,d:\Skin Disease classification\newtrain\Squamous cell carcinoma\aug_0_9296.jpg,6,Squamous cell carcinoma,6,Squamous cell carcinoma,0.9998,True
aug_0_2510.jpg,d:\Skin Disease classification\newtrain\Melanocytic nevus\aug_0_2510.jpg,4,Melanocytic nevus,4,Melanocytic nevus,0.9992,True
aug_0_5930.jpg,d:\Skin Disease classification\newtrain\Melanoma\aug_0_5930.jpg,5,Melanoma,5,Melanoma,0.9724,True
aug_0_5635.jpg,d:\Skin Disease classification\newtrain\Tinea Ringworm Candidiasis\aug_0_5635.jpg,7,Tinea Ringworm Candidiasis,7,Tinea Ringworm Candidiasis,0.9998,True
aug_0_3808.jpg,d:\Skin Disease classification\newtrain\Dermatofibroma\aug_0_3808.jpg,3,Dermatofibroma,3,Dermatofibroma,0.9993,True
aug_0_4465.jpg,d:\Skin Disease classification\newtrain\Melanocytic nevus\aug_0_4465.jpg,4,Melanocytic nevus,4,Melanocytic nevus,0.9987,True
aug_0_4812.jpg,d:\Skin Disease classification\newtrain\Melanoma\aug_0_4812.jpg,5,Melanoma,5,Melanoma,0.9999,True
aug_0_1578.jpg,d:\Skin Disease classification\newtrain\Dermatofibroma\aug_0_1578.jpg,3,Dermatofibroma,3,Dermatofibroma,0.9794,True
aug_0_3485.jpg,d:\Skin Disease classification\newtrain\Melanocytic nevus\aug_0_3485.jpg,4,Melanocytic nevus,4,Melanocytic nevus,0.9987,True
aug_0_309.jpg,d:\Skin Disease classification\newtrain\Atopic Dermatitis\aug_0_309.jpg,1,Atopic Dermatitis,1,Atopic Dermatitis,1.0,True
aug_0_4289.jpg,d:\Skin Disease classification\newtrain\Vascular lesion\aug_0_4289.jpg,8,Vascular lesion,8,Vascular lesion,0.9952,True
aug_0_6020.jpg,d:\Skin Disease classification\newtrain\Melanoma\aug_0_6020.jpg,5,Melanoma,5,Melanoma,0.5089,True
aug_0_1283.jpg,d:\Skin Disease classification\newtrain\Vascular lesion\aug_0_1283.jpg,8,Vascular lesion,8,Vascular lesion,0.9972,True
aug_0_6741.jpg,d:\Skin Disease classification\newtrain\Actinic keratosis\aug_0_6741.jpg,0,Actinic keratosis,0,Actinic keratosis,0.9528,True
aug_0_2624.jpg,d:\Skin Disease classification\newtrain\Dermatofibroma\aug_0_2624.jpg,3,Dermatofibroma,3,Dermatofibroma,0.9584,True
aug_0_3167.jpg,d:\Skin Disease classification\newtrain\Actinic keratosis\aug_0_3167.jpg,0,Actinic keratosis,0,Actinic keratosis,1.0,True
aug_0_3971.jpg,d:\Skin Disease classification\newtrain\Benign keratosis\aug_0_3971.jpg,2,Benign keratosis,2,Benign keratosis,1.0,True
aug_0_4152.jpg,d:\Skin Disease classification\newtrain\Actinic keratosis\aug_0_4152.jpg,0,Actinic keratosis,0,Actinic keratosis,0.9924,True
aug_0_2225.jpg,d:\Skin Disease classification\newtrain\Dermatofibroma\aug_0_2225.jpg,3,Dermatofibroma,3,Dermatofibroma,0.9903,True
aug_0_2207.jpg,d:\Skin Disease classification\newtrain\Atopic Dermatitis\aug_0_2207.jpg,1,Atopic Dermatitis,1,Atopic Dermatitis,1.0,True
aug_0_1115.jpg,d:\Skin Disease classification\newtrain\Actinic keratosis\aug_0_1115.jpg,0,Actinic keratosis,0,Actinic keratosis,0.5109,True
aug_0_5028.jpg,d:\Skin Disease classification\newtrain\Squamous cell carcinoma\aug_0_5028.jpg,6,Squamous cell carcinoma,6,Squamous cell carcinoma,0.9288,True
aug_0_2088.jpg,d:\Skin Disease classification\newtrain\Melanocytic nevus\aug_0_2088.jpg,4,Melanocytic nevus,4,Melanocytic nevus,0.99,True
aug_0_6119.jpg,d:\Skin Disease classification\newtrain\Tinea Ringworm Candidiasis\aug_0_6119.jpg,7,Tinea Ringworm Candidiasis,7,Tinea Ringworm Candidiasis,0.9989,True
aug_0_8873.jpg,d:\Skin Disease classification\newtrain\Dermatofibroma\aug_0_8873.jpg,3,Dermatofibroma,3,Dermatofibroma,0.9988,True
aug_0_5987.jpg,d:\Skin Disease classification\newtrain\Vascular lesion\aug_0_5987.jpg,8,Vascular lesion,8,Vascular lesion,0.9999,True
aug_0_6663.jpg,d:\Skin Disease classification\newtrain\Atopic Dermatitis\aug_0_6663.jpg,1,Atopic Dermatitis,1,Atopic Dermatitis,1.0,True
aug_0_9264.jpg,d:\Skin Disease classification\newtrain\Melanoma\aug_0_9264.jpg,5,Melanoma,5,Melanoma,0.9998,True
aug_0_2634.jpg,d:\Skin Disease classification\newtrain\Actinic keratosis\aug_0_2634.jpg,0,Actinic keratosis,0,Actinic keratosis,0.9996,True
aug_0_5992.jpg,d:\Skin Disease classification\newtrain\Melanoma\aug_0_5992.jpg,5,Melanoma,5,Melanoma,0.9954,True
aug_0_6520.jpg,d:\Skin Disease classification\newtrain\Benign keratosis\aug_0_6520.jpg,2,Benign keratosis,2,Benign keratosis,1.0,True
aug_0_3866.jpg,d:\Skin Disease classification\newtrain\Actinic keratosis\aug_0_3866.jpg,0,Actinic keratosis,0,Actinic keratosis,0.9744,True
aug_0_1808.jpg,d:\Skin Disease classification\newtrain\Dermatofibroma\aug_0_1808.jpg,3,Dermatofibroma,3,Dermatofibroma,0.9988,True
aug_0_6257.jpg,d:\Skin Disease classification\newtrain\Vascular lesion\aug_0_6257.jpg,8,Vascular lesion,8,Vascular lesion,1.0,True
aug_0_5925.jpg,d:\Skin Disease classification\newtrain\Benign keratosis\aug_0_5925.jpg,2,Benign keratosis,2,Benign keratosis,1.0,True
aug_0_8722.jpg,d:\Skin Disease classification\newtrain\Benign keratosis\aug_0_8722.jpg,2,Benign keratosis,2,Benign keratosis,1.0,True
aug_0_160.jpg,d:\Skin Disease classification\newtrain\Melanoma\aug_0_160.jpg,5,Melanoma,5,Melanoma,0.9983,True
aug_0_5607.jpg,d:\Skin Disease classification\newtrain\Benign keratosis\aug_0_5607.jpg,2,Benign keratosis,2,Benign keratosis,1.0,True
aug_0_9355.jpg,d:\Skin Disease classification\newtrain\Melanoma\aug_0_9355.jpg,5,Melanoma,5,Melanoma,0.8669,True
aug_0_3328.jpg,d:\Skin Disease classification\newtrain\Benign keratosis\aug_0_3328.jpg,2,Benign keratosis,2,Benign keratosis,1.0,True
aug_0_9024.jpg,d:\Skin Disease classification\newtrain\Melanoma\aug_0_9024.jpg,5,Melanoma,5,Melanoma,0.9544,True
aug_0_9604.jpg,d:\Skin Disease classification\newtrain\Melanocytic nevus\aug_0_9604.jpg,4,Melanocytic nevus,4,Melanocytic nevus,0.9995,True
aug_0_6040.jpg,d:\Skin Disease classification\newtrain\Melanocytic nevus\aug_0_6040.jpg,4,Melanocytic nevus,4,Melanocytic nevus,0.9999,True
aug_0_5261.jpg,d:\Skin Disease classification\newtrain\Atopic Dermatitis\aug_0_5261.jpg,1,Atopic Dermatitis,1,Atopic Dermatitis,1.0,True
aug_0_8753.jpg,d:\Skin Disease classification\newtrain\Benign keratosis\aug_0_8753.jpg,2,Benign keratosis,2,Benign keratosis,1.0,True
aug_0_4434.jpg,d:\Skin Disease classification\newtrain\Melanoma\aug_0_4434.jpg,5,Melanoma,5,Melanoma,0.9991,True
aug_0_9002.jpg,d:\Skin Disease classification\newtrain\Benign keratosis\aug_0_9002.jpg,2,Benign keratosis,2,Benign keratosis,1.0,True
aug_0_6778.jpg,d:\Skin Disease classification\newtrain\Benign keratosis\aug_0_6778.jpg,2,Benign keratosis,2,Benign keratosis,1.0,True
aug_0_4904.jpg,d:\Skin Disease classification\newtrain\Dermatofibroma\aug_0_4904.jpg,3,Dermatofibroma,3,Dermatofibroma,0.9999,True
aug_0_908.jpg,d:\Skin Disease classification\newtrain\Benign keratosis\aug_0_908.jpg,2,Benign keratosis,2,Benign keratosis,1.0,True
aug_0_5382.jpg,d:\Skin Disease classification\newtrain\Squamous cell carcinoma\aug_0_5382.jpg,6,Squamous cell carcinoma,6,Squamous cell carcinoma,0.9873,True
aug_0_5395.jpg,d:\Skin Disease classification\newtrain\Melanocytic nevus\aug_0_5395.jpg,4,Melanocytic nevus,4,Melanocytic nevus,0.9875,True
aug_0_5233.jpg,d:\Skin Disease classification\newtrain\Melanoma\aug_0_5233.jpg,5,Melanoma,5,Melanoma,0.9997,True
aug_0_606.jpg,d:\Skin Disease classification\newtrain\Atopic Dermatitis\aug_0_606.jpg,1,Atopic Dermatitis,1,Atopic Dermatitis,1.0,True
aug_0_4987.jpg,d:\Skin Disease classification\newtrain\Tinea Ringworm Candidiasis\aug_0_4987.jpg,7,Tinea Ringworm Candidiasis,7,Tinea Ringworm Candidiasis,1.0,True
aug_0_7154.jpg,d:\Skin Disease classification\newtrain\Actinic keratosis\aug_0_7154.jpg,0,Actinic keratosis,0,Actinic keratosis,0.7294,True
aug_0_899.jpg,d:\Skin Disease classification\newtrain\Melanocytic nevus\aug_0_899.jpg,4,Melanocytic nevus,4,Melanocytic nevus,0.9999,True
aug_0_7591.jpg,d:\Skin Disease classification\newtrain\Vascular lesion\aug_0_7591.jpg,8,Vascular lesion,8,Vascular lesion,1.0,True
aug_0_5461.jpg,d:\Skin Disease classification\newtrain\Tinea Ringworm Candidiasis\aug_0_5461.jpg,7,Tinea Ringworm Candidiasis,7,Tinea Ringworm Candidiasis,1.0,True
aug_0_2216.jpg,d:\Skin Disease classification\newtrain\Atopic Dermatitis\aug_0_2216.jpg,1,Atopic Dermatitis,1,Atopic Dermatitis,1.0,True
aug_0_1738.jpg,d:\Skin Disease classification\newtrain\Tinea Ringworm Candidiasis\aug_0_1738.jpg,7,Tinea Ringworm Candidiasis,7,Tinea Ringworm Candidiasis,0.9995,True
aug_0_3525.jpg,d:\Skin Disease classification\newtrain\Tinea Ringworm Candidiasis\aug_0_3525.jpg,7,Tinea Ringworm Candidiasis,7,Tinea Ringworm Candidiasis,1.0,True
aug_0_1109.jpg,d:\Skin Disease classification\newtrain\Atopic Dermatitis\aug_0_1109.jpg,1,Atopic Dermatitis,1,Atopic Dermatitis,1.0,True
aug_0_8120.jpg,d:\Skin Disease classification\newtrain\Actinic keratosis\aug_0_8120.jpg,0,Actinic keratosis,0,Actinic keratosis,1.0,True
aug_0_19.jpg,d:\Skin Disease classification\newtrain\Actinic keratosis\aug_0_19.jpg,0,Actinic keratosis,0,Actinic keratosis,0.9982,True
aug_0_6228.jpg,d:\Skin Disease classification\newtrain\Benign keratosis\aug_0_6228.jpg,2,Benign keratosis,2,Benign keratosis,1.0,True
aug_0_9370.jpg,d:\Skin Disease classification\newtrain\Benign keratosis\aug_0_9370.jpg,2,Benign keratosis,2,Benign keratosis,0.9995,True
aug_0_5573.jpg,d:\Skin Disease classification\newtrain\Actinic keratosis\aug_0_5573.jpg,0,Actinic keratosis,0,Actinic keratosis,0.9754,True
aug_0_3438.jpg,d:\Skin Disease classification\newtrain\Tinea Ringworm Candidiasis\aug_0_3438.jpg,7,Tinea Ringworm Candidiasis,7,Tinea Ringworm Candidiasis,1.0,True
aug_0_7820.jpg,d:\Skin Disease classification\newtrain\Melanoma\aug_0_7820.jpg,5,Melanoma,5,Melanoma,1.0,True
aug_0_8092.jpg,d:\Skin Disease classification\newtrain\Melanocytic nevus\aug_0_8092.jpg,4,Melanocytic nevus,4,Melanocytic nevus,1.0,True
aug_0_5842.jpg,d:\Skin Disease classification\newtrain\Squamous cell carcinoma\aug_0_5842.jpg,6,Squamous cell carcinoma,6,Squamous cell carcinoma,0.7576,True
aug_0_5716.jpg,d:\Skin Disease classification\newtrain\Melanocytic nevus\aug_0_5716.jpg,4,Melanocytic nevus,4,Melanocytic nevus,0.9924,True
aug_0_9105.jpg,d:\Skin Disease classification\newtrain\Dermatofibroma\aug_0_9105.jpg,3,Dermatofibroma,3,Dermatofibroma,1.0,True
aug_0_9817.jpg,d:\Skin Disease classification\newtrain\Benign keratosis\aug_0_9817.jpg,2,Benign keratosis,2,Benign keratosis,1.0,True
aug_0_8640.jpg,d:\Skin Disease classification\newtrain\Melanoma\aug_0_8640.jpg,5,Melanoma,5,Melanoma,0.7937,True
aug_0_9861.jpg,d:\Skin Disease classification\newtrain\Squamous cell carcinoma\aug_0_9861.jpg,6,Squamous cell carcinoma,6,Squamous cell carcinoma,0.6035,True
aug_0_5564.jpg,d:\Skin Disease classification\newtrain\Vascular lesion\aug_0_5564.jpg,8,Vascular lesion,8,Vascular lesion,1.0,True
aug_0_7937.jpg,d:\Skin Disease classification\newtrain\Dermatofibroma\aug_0_7937.jpg,3,Dermatofibroma,3,Dermatofibroma,0.9922,True
aug_0_3927.jpg,d:\Skin Disease classification\newtrain\Melanocytic nevus\aug_0_3927.jpg,4,Melanocytic nevus,4,Melanocytic nevus,0.9931,True
aug_0_3753.jpg,d:\Skin Disease classification\newtrain\Benign keratosis\aug_0_3753.jpg,2,Benign keratosis,2,Benign keratosis,0.896,True
aug_0_7428.jpg,d:\Skin Disease classification\newtrain\Actinic keratosis\aug_0_7428.jpg,0,Actinic keratosis,0,Actinic keratosis,0.9999,True
aug_0_3756.jpg,d:\Skin Disease classification\newtrain\Atopic Dermatitis\aug_0_3756.jpg,1,Atopic Dermatitis,1,Atopic Dermatitis,1.0,True
aug_0_2749.jpg,d:\Skin Disease classification\newtrain\Atopic Dermatitis\aug_0_2749.jpg,1,Atopic Dermatitis,1,Atopic Dermatitis,0.9976,True
aug_0_2147.jpg,d:\Skin Disease classification\newtrain\Melanocytic nevus\aug_0_2147.jpg,4,Melanocytic nevus,4,Melanocytic nevus,0.743,True
aug_0_1507.jpg,d:\Skin Disease classification\newtrain\Melanoma\aug_0_1507.jpg,5,Melanoma,5,Melanoma,0.9523,True
aug_0_1574.jpg,d:\Skin Disease classification\newtrain\Benign keratosis\aug_0_1574.jpg,2,Benign keratosis,2,Benign keratosis,1.0,True
aug_0_3623.jpg,d:\Skin Disease classification\newtrain\Vascular lesion\aug_0_3623.jpg,8,Vascular lesion,8,Vascular lesion,1.0,True
aug_0_5320.jpg,d:\Skin Disease classification\newtrain\Melanoma\aug_0_5320.jpg,5,Melanoma,4,Melanocytic nevus,0.9557,False
aug_0_6342.jpg,d:\Skin Disease classification\newtrain\Melanoma\aug_0_6342.jpg,5,Melanoma,5,Melanoma,1.0,True
aug_0_1224.jpg,d:\Skin Disease classification\newtrain\Melanoma\aug_0_1224.jpg,5,Melanoma,5,Melanoma,0.7037,True
aug_0_2348.jpg,d:\Skin Disease classification\newtrain\Melanoma\aug_0_2348.jpg,5,Melanoma,5,Melanoma,0.9921,True
aug_0_5088.jpg,d:\Skin Disease classification\newtrain\Melanoma\aug_0_5088.jpg,5,Melanoma,5,Melanoma,0.9897,True
aug_0_8979.jpg,d:\Skin Disease classification\newtrain\Actinic keratosis\aug_0_8979.jpg,0,Actinic keratosis,0,Actinic keratosis,0.9979,True
aug_0_3932.jpg,d:\Skin Disease classification\newtrain\Vascular lesion\aug_0_3932.jpg,8,Vascular lesion,8,Vascular lesion,0.9992,True
aug_0_4433.jpg,d:\Skin Disease classification\newtrain\Melanoma\aug_0_4433.jpg,5,Melanoma,5,Melanoma,0.5949,True
aug_0_8766.jpg,d:\Skin Disease classification\newtrain\Squamous cell carcinoma\aug_0_8766.jpg,6,Squamous cell carcinoma,6,Squamous cell carcinoma,0.9947,True
aug_0_542.jpg,d:\Skin Disease classification\newtrain\Actinic keratosis\aug_0_542.jpg,0,Actinic keratosis,6,Squamous cell carcinoma,0.5192,False
aug_0_2091.jpg,d:\Skin Disease classification\newtrain\Tinea Ringworm Candidiasis\aug_0_2091.jpg,7,Tinea Ringworm Candidiasis,7,Tinea Ringworm Candidiasis,1.0,True
aug_0_5276.jpg,d:\Skin Disease classification\newtrain\Dermatofibroma\aug_0_5276.jpg,3,Dermatofibroma,3,Dermatofibroma,0.997,True
aug_0_7144.jpg,d:\Skin Disease classification\newtrain\Atopic Dermatitis\aug_0_7144.jpg,1,Atopic Dermatitis,1,Atopic Dermatitis,1.0,True
aug_0_8227.jpg,d:\Skin Disease classification\newtrain\Atopic Dermatitis\aug_0_8227.jpg,1,Atopic Dermatitis,1,Atopic Dermatitis,1.0,True
aug_0_7976.jpg,d:\Skin Disease classification\newtrain\Benign keratosis\aug_0_7976.jpg,2,Benign keratosis,2,Benign keratosis,1.0,True
aug_0_992.jpg,d:\Skin Disease classification\newtrain\Actinic keratosis\aug_0_992.jpg,0,Actinic keratosis,0,Actinic keratosis,0.6377,True
aug_0_3713.jpg,d:\Skin Disease classification\newtrain\Vascular lesion\aug_0_3713.jpg,8,Vascular lesion,8,Vascular lesion,1.0,True
aug_0_8744.jpg,d:\Skin Disease classification\newtrain\Melanocytic nevus\aug_0_8744.jpg,4,Melanocytic nevus,4,Melanocytic nevus,0.997,True
aug_0_8165.jpg,d:\Skin Disease classification\newtrain\Vascular lesion\aug_0_8165.jpg,8,Vascular lesion,8,Vascular lesion,1.0,True
aug_0_9982.jpg,d:\Skin Disease classification\newtrain\Dermatofibroma\aug_0_9982.jpg,3,Dermatofibroma,3,Dermatofibroma,0.9999,True
aug_0_450.jpg,d:\Skin Disease classification\newtrain\Melanocytic nevus\aug_0_450.jpg,4,Melanocytic nevus,4,Melanocytic nevus,0.9998,True
aug_0_6263.jpg,d:\Skin Disease classification\newtrain\Vascular lesion\aug_0_6263.jpg,8,Vascular lesion,8,Vascular lesion,0.9997,True
aug_0_8109.jpg,d:\Skin Disease classification\newtrain\Benign keratosis\aug_0_8109.jpg,2,Benign keratosis,2,Benign keratosis,1.0,True
aug_0_4613.jpg,d:\Skin Disease classification\newtrain\Benign keratosis\aug_0_4613.jpg,2,Benign keratosis,2,Benign keratosis,1.0,True
aug_0_113.jpg,d:\Skin Disease classification\newtrain\Tinea Ringworm Candidiasis\aug_0_113.jpg,7,Tinea Ringworm Candidiasis,7,Tinea Ringworm Candidiasis,0.9855,True
aug_0_9770.jpg,d:\Skin Disease classification\newtrain\Benign keratosis\aug_0_9770.jpg,2,Benign keratosis,2,Benign keratosis,0.9999,True
aug_0_6705.jpg,d:\Skin Disease classification\newtrain\Dermatofibroma\aug_0_6705.jpg,3,Dermatofibroma,3,Dermatofibroma,0.8564,True
aug_0_9640.jpg,d:\Skin Disease classification\newtrain\Vascular lesion\aug_0_9640.jpg,8,Vascular lesion,8,Vascular lesion,1.0,True
aug_0_3926.jpg,d:\Skin Disease classification\newtrain\Tinea Ringworm Candidiasis\aug_0_3926.jpg,7,Tinea Ringworm Candidiasis,7,Tinea Ringworm Candidiasis,1.0,True
aug_0_4552.jpg,d:\Skin Disease classification\newtrain\Benign keratosis\aug_0_4552.jpg,2,Benign keratosis,2,Benign keratosis,1.0,True
aug_0_3460.jpg,d:\Skin Disease classification\newtrain\Atopic Dermatitis\aug_0_3460.jpg,1,Atopic Dermatitis,1,Atopic Dermatitis,1.0,True
aug_0_8913.jpg,d:\Skin Disease classification\newtrain\Dermatofibroma\aug_0_8913.jpg,3,Dermatofibroma,3,Dermatofibroma,0.9994,True
aug_0_4583.jpg,d:\Skin Disease classification\newtrain\Vascular lesion\aug_0_4583.jpg,8,Vascular lesion,8,Vascular lesion,1.0,True
aug_0_7553.jpg,d:\Skin Disease classification\newtrain\Melanocytic nevus\aug_0_7553.jpg,4,Melanocytic nevus,4,Melanocytic nevus,0.9981,True
aug_0_2396.jpg,d:\Skin Disease classification\newtrain\Benign keratosis\aug_0_2396.jpg,2,Benign keratosis,2,Benign keratosis,0.9959,True
aug_0_7254.jpg,d:\Skin Disease classification\newtrain\Melanoma\aug_0_7254.jpg,5,Melanoma,5,Melanoma,0.9991,True
aug_0_8893.jpg,d:\Skin Disease classification\newtrain\Tinea Ringworm Candidiasis\aug_0_8893.jpg,7,Tinea Ringworm Candidiasis,7,Tinea Ringworm Candidiasis,1.0,True
aug_0_5206.jpg,d:\Skin Disease classification\newtrain\Squamous cell carcinoma\aug_0_5206.jpg,6,Squamous cell carcinoma,6,Squamous cell carcinoma,0.9883,True
aug_0_4956.jpg,d:\Skin Disease classification\newtrain\Squamous cell carcinoma\aug_0_4956.jpg,6,Squamous cell carcinoma,6,Squamous cell carcinoma,0.9511,True
aug_0_5446.jpg,d:\Skin Disease classification\newtrain\Dermatofibroma\aug_0_5446.jpg,3,Dermatofibroma,3,Dermatofibroma,0.9599,True
aug_0_22.jpg,d:\Skin Disease classification\newtrain\Dermatofibroma\aug_0_22.jpg,3,Dermatofibroma,3,Dermatofibroma,0.9998,True
aug_0_6966.jpg,d:\Skin Disease classification\newtrain\Actinic keratosis\aug_0_6966.jpg,0,Actinic keratosis,0,Actinic keratosis,0.9989,True
aug_0_7205.jpg,d:\Skin Disease classification\newtrain\Atopic Dermatitis\aug_0_7205.jpg,1,Atopic Dermatitis,1,Atopic Dermatitis,0.9995,True
aug_0_5604.jpg,d:\Skin Disease classification\newtrain\Tinea Ringworm Candidiasis\aug_0_5604.jpg,7,Tinea Ringworm Candidiasis,7,Tinea Ringworm Candidiasis,1.0,True
aug_0_3594.jpg,d:\Skin Disease classification\newtrain\Melanocytic nevus\aug_0_3594.jpg,4,Melanocytic nevus,4,Melanocytic nevus,0.9999,True
aug_0_4175.jpg,d:\Skin Disease classification\newtrain\Melanoma\aug_0_4175.jpg,5,Melanoma,5,Melanoma,0.9919,True
aug_0_992.jpg,d:\Skin Disease classification\newtrain\Benign keratosis\aug_0_992.jpg,2,Benign keratosis,2,Benign keratosis,1.0,True
aug_0_382.jpg,d:\Skin Disease classification\newtrain\Melanocytic nevus\aug_0_382.jpg,4,Melanocytic nevus,4,Melanocytic nevus,0.9856,True
aug_0_2542.jpg,d:\Skin Disease classification\newtrain\Melanoma\aug_0_2542.jpg,5,Melanoma,5,Melanoma,0.8756,True
aug_0_6622.jpg,d:\Skin Disease classification\newtrain\Melanoma\aug_0_6622.jpg,5,Melanoma,5,Melanoma,1.0,True
aug_0_4638.jpg,d:\Skin Disease classification\newtrain\Melanoma\aug_0_4638.jpg,5,Melanoma,5,Melanoma,0.9999,True
aug_0_6365.jpg,d:\Skin Disease classification\newtrain\Melanocytic nevus\aug_0_6365.jpg,4,Melanocytic nevus,4,Melanocytic nevus,0.9993,True
aug_0_1158.jpg,d:\Skin Disease classification\newtrain\Benign keratosis\aug_0_1158.jpg,2,Benign keratosis,2,Benign keratosis,1.0,True
aug_0_5850.jpg,d:\Skin Disease classification\newtrain\Melanoma\aug_0_5850.jpg,5,Melanoma,5,Melanoma,1.0,True
aug_0_861.jpg,d:\Skin Disease classification\newtrain\Atopic Dermatitis\aug_0_861.jpg,1,Atopic Dermatitis,1,Atopic Dermatitis,1.0,True
aug_0_4982.jpg,d:\Skin Disease classification\newtrain\Melanoma\aug_0_4982.jpg,5,Melanoma,5,Melanoma,0.5069,True
aug_0_8859.jpg,d:\Skin Disease classification\newtrain\Tinea Ringworm Candidiasis\aug_0_8859.jpg,7,Tinea Ringworm Candidiasis,7,Tinea Ringworm Candidiasis,0.9999,True
aug_0_8084.jpg,d:\Skin Disease classification\newtrain\Squamous cell carcinoma\aug_0_8084.jpg,6,Squamous cell carcinoma,6,Squamous cell carcinoma,0.9777,True
aug_0_5368.jpg,d:\Skin Disease classification\newtrain\Dermatofibroma\aug_0_5368.jpg,3,Dermatofibroma,3,Dermatofibroma,0.949,True
aug_0_4252.jpg,d:\Skin Disease classification\newtrain\Dermatofibroma\aug_0_4252.jpg,3,Dermatofibroma,3,Dermatofibroma,0.6628,True
aug_0_8835.jpg,d:\Skin Disease classification\newtrain\Actinic keratosis\aug_0_8835.jpg,0,Actinic keratosis,0,Actinic keratosis,0.9974,True
aug_0_6309.jpg,d:\Skin Disease classification\newtrain\Tinea Ringworm Candidiasis\aug_0_6309.jpg,7,Tinea Ringworm Candidiasis,7,Tinea Ringworm Candidiasis,1.0,True
aug_0_8371.jpg,d:\Skin Disease classification\newtrain\Benign keratosis\aug_0_8371.jpg,2,Benign keratosis,2,Benign keratosis,1.0,True
aug_0_4603.jpg,d:\Skin Disease classification\newtrain\Vascular lesion\aug_0_4603.jpg,8,Vascular lesion,8,Vascular lesion,1.0,True
aug_0_8733.jpg,d:\Skin Disease classification\newtrain\Vascular lesion\aug_0_8733.jpg,8,Vascular lesion,8,Vascular lesion,0.9999,True
aug_0_6667.jpg,d:\Skin Disease classification\newtrain\Melanocytic nevus\aug_0_6667.jpg,4,Melanocytic nevus,4,Melanocytic nevus,0.999,True
aug_0_1855.jpg,d:\Skin Disease classification\newtrain\Vascular lesion\aug_0_1855.jpg,8,Vascular lesion,8,Vascular lesion,1.0,True
aug_0_2820.jpg,d:\Skin Disease classification\newtrain\Atopic Dermatitis\aug_0_2820.jpg,1,Atopic Dermatitis,1,Atopic Dermatitis,1.0,True
aug_0_912.jpg,d:\Skin Disease classification\newtrain\Atopic Dermatitis\aug_0_912.jpg,1,Atopic Dermatitis,1,Atopic Dermatitis,1.0,True
aug_0_4049.jpg,d:\Skin Disease classification\newtrain\Tinea Ringworm Candidiasis\aug_0_4049.jpg,7,Tinea Ringworm Candidiasis,7,Tinea Ringworm Candidiasis,0.9999,True
aug_0_290.jpg,d:\Skin Disease classification\newtrain\Squamous cell carcinoma\aug_0_290.jpg,6,Squamous cell carcinoma,6,Squamous cell carcinoma,0.5974,True
aug_0_1756.jpg,d:\Skin Disease classification\newtrain\Vascular lesion\aug_0_1756.jpg,8,Vascular lesion,8,Vascular lesion,1.0,True
aug_0_3127.jpg,d:\Skin Disease classification\newtrain\Squamous cell carcinoma\aug_0_3127.jpg,6,Squamous cell carcinoma,6,Squamous cell carcinoma,0.7984,True
aug_0_9440.jpg,d:\Skin Disease classification\newtrain\Melanocytic nevus\aug_0_9440.jpg,4,Melanocytic nevus,4,Melanocytic nevus,0.9277,True
aug_0_7355.jpg,d:\Skin Disease classification\newtrain\Atopic Dermatitis\aug_0_7355.jpg,1,Atopic Dermatitis,1,Atopic Dermatitis,1.0,True
aug_0_8370.jpg,d:\Skin Disease classification\newtrain\Squamous cell carcinoma\aug_0_8370.jpg,6,Squamous cell carcinoma,6,Squamous cell carcinoma,0.9506,True
aug_0_3294.jpg,d:\Skin Disease classification\newtrain\Dermatofibroma\aug_0_3294.jpg,3,Dermatofibroma,3,Dermatofibroma,0.9998,True
aug_0_8932.jpg,d:\Skin Disease classification\newtrain\Benign keratosis\aug_0_8932.jpg,2,Benign keratosis,2,Benign keratosis,1.0,True
aug_0_2720.jpg,d:\Skin Disease classification\newtrain\Melanoma\aug_0_2720.jpg,5,Melanoma,5,Melanoma,1.0,True
aug_0_5069.jpg,d:\Skin Disease classification\newtrain\Dermatofibroma\aug_0_5069.jpg,3,Dermatofibroma,3,Dermatofibroma,0.9494,True
aug_0_9641.jpg,d:\Skin Disease classification\newtrain\Tinea Ringworm Candidiasis\aug_0_9641.jpg,7,Tinea Ringworm Candidiasis,7,Tinea Ringworm Candidiasis,0.9999,True
aug_0_8272.jpg,d:\Skin Disease classification\newtrain\Squamous cell carcinoma\aug_0_8272.jpg,6,Squamous cell carcinoma,6,Squamous cell carcinoma,0.9868,True
aug_0_1375.jpg,d:\Skin Disease classification\newtrain\Melanoma\aug_0_1375.jpg,5,Melanoma,5,Melanoma,0.581,True
aug_0_9792.jpg,d:\Skin Disease classification\newtrain\Tinea Ringworm Candidiasis\aug_0_9792.jpg,7,Tinea Ringworm Candidiasis,7,Tinea Ringworm Candidiasis,0.9992,True
aug_0_554.jpg,d:\Skin Disease classification\newtrain\Vascular lesion\aug_0_554.jpg,8,Vascular lesion,8,Vascular lesion,1.0,True
aug_0_3912.jpg,d:\Skin Disease classification\newtrain\Actinic keratosis\aug_0_3912.jpg,0,Actinic keratosis,0,Actinic keratosis,0.9989,True
aug_0_6515.jpg,d:\Skin Disease classification\newtrain\Dermatofibroma\aug_0_6515.jpg,3,Dermatofibroma,3,Dermatofibroma,0.9975,True
aug_0_7379.jpg,d:\Skin Disease classification\newtrain\Squamous cell carcinoma\aug_0_7379.jpg,6,Squamous cell carcinoma,6,Squamous cell carcinoma,0.8022,True
aug_0_7566.jpg,d:\Skin Disease classification\newtrain\Melanocytic nevus\aug_0_7566.jpg,4,Melanocytic nevus,4,Melanocytic nevus,0.5224,True
aug_0_9185.jpg,d:\Skin Disease classification\newtrain\Dermatofibroma\aug_0_9185.jpg,3,Dermatofibroma,3,Dermatofibroma,0.9998,True
aug_0_2285.jpg,d:\Skin Disease classification\newtrain\Dermatofibroma\aug_0_2285.jpg,3,Dermatofibroma,3,Dermatofibroma,1.0,True
aug_0_3267.jpg,d:\Skin Disease classification\newtrain\Melanoma\aug_0_3267.jpg,5,Melanoma,5,Melanoma,0.9935,True
aug_0_7349.jpg,d:\Skin Disease classification\newtrain\Actinic keratosis\aug_0_7349.jpg,0,Actinic keratosis,0,Actinic keratosis,0.8865,True
aug_0_1015.jpg,d:\Skin Disease classification\newtrain\Actinic keratosis\aug_0_1015.jpg,0,Actinic keratosis,0,Actinic keratosis,0.7278,True
aug_0_4392.jpg,d:\Skin Disease classification\newtrain\Atopic Dermatitis\aug_0_4392.jpg,1,Atopic Dermatitis,1,Atopic Dermatitis,1.0,True
aug_0_9876.jpg,d:\Skin Disease classification\newtrain\Actinic keratosis\aug_0_9876.jpg,0,Actinic keratosis,0,Actinic keratosis,1.0,True
aug_0_8879.jpg,d:\Skin Disease classification\newtrain\Atopic Dermatitis\aug_0_8879.jpg,1,Atopic Dermatitis,1,Atopic Dermatitis,1.0,True
aug_0_1140.jpg,d:\Skin Disease classification\newtrain\Dermatofibroma\aug_0_1140.jpg,3,Dermatofibroma,3,Dermatofibroma,0.9999,True
aug_0_4093.jpg,d:\Skin Disease classification\newtrain\Atopic Dermatitis\aug_0_4093.jpg,1,Atopic Dermatitis,1,Atopic Dermatitis,1.0,True
aug_0_3619.jpg,d:\Skin Disease classification\newtrain\Dermatofibroma\aug_0_3619.jpg,3,Dermatofibroma,3,Dermatofibroma,1.0,True
aug_0_691.jpg,d:\Skin Disease classification\newtrain\Atopic Dermatitis\aug_0_691.jpg,1,Atopic Dermatitis,1,Atopic Dermatitis,1.0,True
aug_0_6661.jpg,d:\Skin Disease classification\newtrain\Dermatofibroma\aug_0_6661.jpg,3,Dermatofibroma,3,Dermatofibroma,0.9908,True
aug_0_9742.jpg,d:\Skin Disease classification\newtrain\Atopic Dermatitis\aug_0_9742.jpg,1,Atopic Dermatitis,1,Atopic Dermatitis,1.0,True
aug_0_1486.jpg,d:\Skin Disease classification\newtrain\Melanocytic nevus\aug_0_1486.jpg,4,Melanocytic nevus,4,Melanocytic nevus,0.9637,True
aug_0_8736.jpg,d:\Skin Disease classification\newtrain\Actinic keratosis\aug_0_8736.jpg,0,Actinic keratosis,3,Dermatofibroma,0.4875,False
aug_0_361.jpg,d:\Skin Disease classification\newtrain\Dermatofibroma\aug_0_361.jpg,3,Dermatofibroma,3,Dermatofibroma,1.0,True
aug_0_7023.jpg,d:\Skin Disease classification\newtrain\Squamous cell carcinoma\aug_0_7023.jpg,6,Squamous cell carcinoma,6,Squamous cell carcinoma,0.9066,True
aug_0_6189.jpg,d:\Skin Disease classification\newtrain\Melanocytic nevus\aug_0_6189.jpg,4,Melanocytic nevus,4,Melanocytic nevus,0.799,True
aug_0_1891.jpg,d:\Skin Disease classification\newtrain\Actinic keratosis\aug_0_1891.jpg,0,Actinic keratosis,0,Actinic keratosis,0.9884,True
aug_0_5009.jpg,d:\Skin Disease classification\newtrain\Melanocytic nevus\aug_0_5009.jpg,4,Melanocytic nevus,4,Melanocytic nevus,0.9825,True
aug_0_1154.jpg,d:\Skin Disease classification\newtrain\Vascular lesion\aug_0_1154.jpg,8,Vascular lesion,8,Vascular lesion,1.0,True
aug_0_2383.jpg,d:\Skin Disease classification\newtrain\Atopic Dermatitis\aug_0_2383.jpg,1,Atopic Dermatitis,1,Atopic Dermatitis,1.0,True
aug_0_6323.jpg,d:\Skin Disease classification\newtrain\Atopic Dermatitis\aug_0_6323.jpg,1,Atopic Dermatitis,1,Atopic Dermatitis,1.0,True
aug_0_9671.jpg,d:\Skin Disease classification\newtrain\Melanocytic nevus\aug_0_9671.jpg,4,Melanocytic nevus,4,Melanocytic nevus,0.9829,True
aug_0_3910.jpg,d:\Skin Disease classification\newtrain\Melanocytic nevus\aug_0_3910.jpg,4,Melanocytic nevus,4,Melanocytic nevus,0.8071,True
aug_0_52.jpg,d:\Skin Disease classification\newtrain\Dermatofibroma\aug_0_52.jpg,3,Dermatofibroma,3,Dermatofibroma,0.88,True
aug_0_7478.jpg,d:\Skin Disease classification\newtrain\Dermatofibroma\aug_0_7478.jpg,3,Dermatofibroma,3,Dermatofibroma,0.9018,True
aug_0_198.jpg,d:\Skin Disease classification\newtrain\Atopic Dermatitis\aug_0_198.jpg,1,Atopic Dermatitis,1,Atopic Dermatitis,1.0,True
aug_0_7846.jpg,d:\Skin Disease classification\newtrain\Dermatofibroma\aug_0_7846.jpg,3,Dermatofibroma,3,Dermatofibroma,0.9999,True
aug_0_5646.jpg,d:\Skin Disease classification\newtrain\Benign keratosis\aug_0_5646.jpg,2,Benign keratosis,2,Benign keratosis,1.0,True
